"Lat","n"
0,2633
5.45331,1
14.7312265,1
23.3301,1
37.42,2
40.000629,1
41.1046,1
41.196862,1
41.256074,1
41.619919,1
42.502326,1
43.544236,1
43.739492,1
44.176911,1
44.189589,1
44.191944,1
44.21433,1
44.27523,1
44.3225,1
44.415738,1
44.423406,1
44.465207,1
44.468,1
44.485808,1
44.4932,1
44.52642,1
44.577271,1
44.588111,1
44.596642,1
44.5967859,1
44.596827,2
44.627014,1
44.6608,2
44.673173,2
44.6813,1
44.68368333,1
44.687,1
44.687703,1
44.68793,1
44.68833,1
44.695222,1
44.6957353,1
44.70194444,1
44.71855,1
44.724306,1
44.73009,1
44.730991,1
44.732778,1
44.7381,2
44.738917,1
44.7527,2
44.7558,1
44.7565,1
44.759014,1
44.763239,1
44.76359,2
44.7675,1
44.7734397,1
44.7866,1
44.78798,1
44.788922,1
44.789058,1
44.789889,1
44.807778,1
44.81203,1
44.81257,1
44.8154,1
44.817226,1
44.822831,1
44.82866,1
44.83146,1
44.852595,1
44.87,1
44.893012,1
44.922,1
44.96453,1
44.9794168,1
44.984067,1
45,2
45.007851,1
45.007888,1
45.0082,1
45.016111,1
45.019592,1
45.0223376,1
45.026013,1
45.0263,1
45.02896,1
45.032502,1
45.041923,1
45.042615,1
45.04854,1
45.0522,1
45.0549508,1
45.0577079,1
45.0578884,1
45.06559,1
45.07056,1
45.07168,1
45.078634,1
45.08003,1
45.080589,2
45.0851,1
45.086958,1
45.091688,1
45.0927,1
45.093,1
45.09464,1
45.09519,1
45.09605,1
45.09707,1
45.098056,1
45.09838,2
45.098397,1
45.120915,1
45.122503,1
45.128154,1
45.12924,1
45.138933,1
45.1418454,1
45.144825,1
45.1448257,2
45.147325,1
45.148611,1
45.150599,1
45.153153,1
45.158703,1
45.16,1
45.160404,1
45.161615,1
45.161626,2
45.16383,1
45.165572,1
45.16579,1
45.1671107,1
45.167714,1
45.168333,1
45.17025,1
45.1711,1
45.173517,1
45.175062,1
45.175833,1
45.177722,1
45.18027,1
45.180378,1
45.1821907,2
45.1856833,1
45.187694,1
45.187741,1
45.18867,1
45.188682,2
45.18935,1
45.189369,1
45.18943,1
45.189461,1
45.190333,1
45.191717,1
45.191733,1
45.193681,1
45.195369,1
45.197225,4
45.19731,2
45.2002,1
45.200278,1
45.208215,1
45.2087,3
45.2111182,1
45.211182,2
45.2111826,1
45.21185,1
45.21557,1
45.215833,1
45.216667,1
45.21678,1
45.2171613,1
45.2171845,1
45.2183753,1
45.21882,1
45.218854,2
45.21886,1
45.2202,1
45.22053,1
45.220954,1
45.22155,1
45.2225,1
45.223032,1
45.2245,1
45.2245097,1
45.225278,1
45.227253,1
45.228808,1
45.229937,1
45.232817,1
45.2398,1
45.240847,1
45.2409765,1
45.245656,1
45.246111,1
45.248,1
45.249767,1
45.25,1
45.2512101,1
45.251227,1
45.252093,1
45.253582,1
45.2539,1
45.254167,1
45.254386,1
45.2583,2
45.258888,2
45.263819,1
45.264237,1
45.267278,1
45.268,1
45.2681202,1
45.270318,1
45.274673,3
45.275066,5
45.276846,1
45.27995,1
45.283483,1
45.287778,1
45.2884569,1
45.295556,1
45.296512,1
45.297683,1
45.306968,1
45.307297,1
45.309827,1
45.315748,1
45.323056,1
45.325533,1
45.3289,1
45.33,1
45.33027778,1
45.330528,1
45.331333,1
45.33138889,1
45.335697,1
45.34,3
45.341795,1
45.344089,1
45.344436,1
45.345118,1
45.346754,2
45.3485,1
45.34952,3
45.351709,1
45.3564947,1
45.35653,1
45.360817,1
45.3627,1
45.364954,1
45.367752,1
45.368247,1
45.3685,1
45.3697,1
45.37021,1
45.37026,1
45.3704036,1
45.371254,1
45.37154,1
45.373137,1
45.37589,1
45.376283,1
45.37745,6
45.37822,1
45.380458,1
45.3823,1
45.382438,1
45.382691,1
45.385047,1
45.385057,1
45.3853601,1
45.3859,1
45.388131,1
45.388917,1
45.39,1
45.390674,2
45.39163,1
45.3923,1
45.3951,1
45.395428,3
45.397379,1
45.40438,1
45.404603,1
45.4049,1
45.40581,1
45.406222,1
45.4107592,1
45.41217,1
45.412283,2
45.413573,2
45.413726,1
45.41445,1
45.41513,1
45.416667,1
45.4167,1
45.417027,1
45.418657,1
45.420522,1
45.42381,1
45.4241,1
45.4251,1
45.425995,1
45.426367,1
45.428011,1
45.42844,1
45.42869,1
45.428823,1
45.4289127,1
45.431561,1
45.43197,1
45.43343,1
45.4343,2
45.4348,1
45.435438,1
45.438611,1
45.439995,1
45.441021,1
45.44113,1
45.441389,1
45.44223,1
45.442377,1
45.442382,1
45.442453,1
45.443313,1
45.443611,1
45.443981,1
45.444002,1
45.444056,3
45.444061,2
45.444222,1
45.444245,1
45.44429,1
45.4442984,1
45.44433,1
45.445942,1
45.44785,1
45.45005,1
45.453336,1
45.453372,1
45.453679,1
45.45369,1
45.454103,1
45.455648,1
45.456797,3
45.457056,1
45.457652,2
45.4579458,1
45.457986,1
45.4605,2
45.462342,1
45.46263,1
45.46287,1
45.462893,2
45.463824,1
45.46435,1
45.468016,1
45.471017,1
45.474253,1
45.4774761,2
45.480066,1
45.480458,1
45.482695,1
45.483417,1
45.483488,1
45.48395,1
45.485937,1
45.486029,2
45.4869098,1
45.490072,1
45.4923083,1
45.493097,1
45.4931,1
45.4944,1
45.497778,1
45.499395,1
45.499855,1
45.50114,1
45.5011407,2
45.502355,1
45.502361,1
45.5026,1
45.503553,1
45.507194,1
45.50785,1
45.5108,1
45.514916,1
45.514918,1
45.514998,1
45.5150543,1
45.515133,1
45.515811,1
45.5202,1
45.520329,1
45.521678,1
45.52361,1
45.525757,2
45.526423,1
45.5294163,1
45.531222,1
45.5316554,1
45.53446,2
45.53723,1
45.5435,1
45.543981,1
45.54554,1
45.546506,1
45.546767,1
45.5468,1
45.547481,1
45.54812,1
45.55274,1
45.552806,1
45.553215,1
45.553906,1
45.5545,2
45.55529,2
45.555333,1
45.55567,1
45.55635,1
45.557636,1
45.55858,1
45.55875,1
45.559853,1
45.560327,1
45.560475,1
45.561111,1
45.561891,6
45.56205,1
45.563303,1
45.563611,2
45.566293,1
45.566533,3
45.567039,1
45.567058,1
45.568658,1
45.568844,1
45.568912,1
45.569033,1
45.569775,1
45.571005,1
45.5712,1
45.571921,1
45.572157,1
45.5729,1
45.573027,2
45.5749,1
45.575833,1
45.576506,1
45.57657,1
45.5766209,1
45.57825,1
45.579046,1
45.580063,1
45.581199,1
45.581248,1
45.581272,1
45.583026,1
45.58303,1
45.584295,1
45.584589,6
45.585107,1
45.585155,1
45.585203,5
45.58523889,1
45.586489,1
45.586596,1
45.586627,1
45.586924,1
45.5881,1
45.588585,1
45.588685,1
45.589718,1
45.589778,1
45.590277,1
45.590527,1
45.5908,1
45.591187,1
45.591385,1
45.591703,1
45.594405,1
45.594787,1
45.594984,1
45.595242,1
45.596111,1
45.596217,1
45.5965,1
45.59706,1
45.597217,1
45.5978,1
45.598971,1
45.598977,1
45.599123,1
45.599383,1
45.599399,1
45.59956,1
45.6,1
45.600249,1
45.600536,1
45.601387,1
45.601643,1
45.601725,1
45.601841,1
45.6019,1
45.602305,1
45.602945,1
45.603659,1
45.603812,1
45.604296,1
45.604306,1
45.60431,1
45.604316,1
45.60435,1
45.6045,1
45.604593,1
45.604711,1
45.604752,1
45.604778,1
45.604935,1
45.60497,1
45.605267,1
45.605286,1
45.605641,1
45.6057097,1
45.605821,1
45.606222,1
45.60647,1
45.607235,1
45.609725,1
45.610144,1
45.611104,1
45.61142,1
45.612,1
45.612018,1
45.612117,1
45.612121,1
45.61218,1
45.612587,1
45.612718,1
45.613681,1
45.61391,1
45.614611,1
45.61468,1
45.614695,1
45.61495,1
45.615466,1
45.615556,1
45.615796,1
45.616083,1
45.61616,1
45.6164,2
45.616611,1
45.6166577,1
45.616695,1
45.616992,1
45.61706,1
45.617071,1
45.6171,1
45.61739,1
45.6175883,1
45.617594,1
45.61772,1
45.617954,1
45.618755,1
45.619265,1
45.619443,1
45.620066,1
45.620139,1
45.620197,1
45.620225,1
45.6202258,1
45.620758,1
45.62166,1
45.622033,1
45.622515,1
45.622548,1
45.62312,1
45.6233,3
45.623317,1
45.62361111,2
45.62363,1
45.62377,1
45.623874,1
45.623935,1
45.6241667,1
45.625046,1
45.62516,1
45.625483,1
45.625639,1
45.62572,1
45.62597,1
45.62598,1
45.62628,1
45.62641,2
45.626582,1
45.6267,1
45.626792,1
45.62692,2
45.626961,2
45.62722,2
45.628355,1
45.628375,1
45.6287013,1
45.629107,1
45.629166,1
45.629315,2
45.630599,2
45.630752,1
45.630823,1
45.630827,1
45.6308611,2
45.630888,1
45.630916,1
45.6316,1
45.631699,1
45.6320582,1
45.632614,2
45.63309,1
45.63332,1
45.63335,1
45.634238,1
45.634243,1
45.634383,1
45.634714,1
45.63492,1
45.63557,1
45.636272,1
45.636364,2
45.636915,1
45.636944,1
45.63695,1
45.6371,1
45.637552,1
45.637769,1
45.63795,1
45.63825,1
45.638501,1
45.639024,1
45.639766,1
45.639852,1
45.640422,1
45.640648,1
45.64147,1
45.641589,1
45.6422,2
45.64269,1
45.643672,1
45.643877,2
45.643906,1
45.64453,1
45.644535,1
45.644769,1
45.64487,1
45.645884,1
45.646152,1
45.64645,1
45.646505,1
45.646571,1
45.646609,1
45.646851,1
45.646885,1
45.647023,1
45.6471,2
45.647339,1
45.64774,1
45.6481,1
45.648117,1
45.648301,1
45.64833,1
45.648346,1
45.648586,3
45.648838,1
45.648944,1
45.649193,1
45.6492746,1
45.6493,1
45.649722,1
45.64995,1
45.650069,3
45.650161,1
45.65119,1
45.651207,1
45.652096,1
45.6522,3
45.652254,1
45.652341,1
45.652405,1
45.652433,1
45.652554,1
45.65262,1
45.652733,1
45.652778,1
45.653028,1
45.65316,1
45.653224,1
45.653426,1
45.653523,1
45.653709,1
45.65383,1
45.653833,1
45.653863,1
45.654604,2
45.654771,1
45.654887,1
45.655068,1
45.656,1
45.65607,1
45.656104,1
45.656262,1
45.6565323,2
45.656608,1
45.6566418,1
45.65666,2
45.656667,1
45.656894,1
45.656896,1
45.657,1
45.657019,1
45.65735,5
45.657643,1
45.658016,1
45.658022,1
45.658064,1
45.658115,1
45.658345,1
45.659024,1
45.659101,1
45.659395,2
45.6594,2
45.659627,1
45.659736,1
45.65977,1
45.659797,1
45.659842,1
45.660268,1
45.661099,1
45.661136,1
45.661333,1
45.661336,1
45.661344,1
45.661682,1
45.661697,1
45.662429,1
45.662701,1
45.663106,1
45.663114,1
45.663117,1
45.663174,1
45.6634,1
45.663451,1
45.66354,1
45.663677,1
45.6637929,2
45.664279,1
45.66454,1
45.664826,1
45.664916,1
45.664987,1
45.66505,1
45.665075,1
45.665719,1
45.665833,1
45.665858,1
45.666452,1
45.666642,1
45.666722,2
45.666724,1
45.666839,1
45.667111,1
45.667506,1
45.667553,1
45.667715,1
45.667821,1
45.667883,1
45.667939,1
45.667965,1
45.668012,1
45.668091,1
45.6688,1
45.66922,1
45.669382,1
45.669509,1
45.6704,1
45.671939,1
45.671944,1
45.672,1
45.673769,1
45.674095,1
45.674217,1
45.674583,1
45.674682,1
45.6754856,1
45.677056,1
45.677253,1
45.677936,1
45.6780706,1
45.678077,1
45.678152,1
45.678367,1
45.678375,3
45.6789,1
45.679933,1
45.680165,1
45.680737,1
45.68116,1
45.68392,1
45.68405,1
45.685133,1
45.685136,1
45.687503,1
45.6877,1
45.688399,1
45.68911,1
45.689941,1
45.691667,1
45.6928393,1
45.692859,1
45.6928719,1
45.693262,1
45.694167,1
45.6945,2
45.696146,1
45.696385,1
45.69683,1
45.6975,1
45.697691,1
45.697975,1
45.698611,1
45.69954,1
45.699902,2
45.700434,1
45.700712,1
45.7015,1
45.702334,1
45.703472,1
45.7043888,1
45.70447,2
45.704579,1
45.7049,1
45.704972,1
45.707032,3
45.707236,1
45.707288,2
45.70774,1
45.70822,1
45.708885,1
45.709327,1
45.709817,1
45.71,2
45.710364,1
45.711139,1
45.711209,1
45.711517,2
45.711556,1
45.711724,1
45.713812,1
45.71444444,1
45.71527,1
45.71572278,1
45.71666,1
45.716715,1
45.717102,1
45.7188963,1
45.720013,1
45.7200347,1
45.721022,1
45.72207,1
45.723017,1
45.724955,1
45.72539,1
45.725445,1
45.725447,2
45.72548,1
45.726608,1
45.72859,1
45.72878,1
45.728907,1
45.729533,1
45.7298,1
45.730865,1
45.732075,1
45.732093,1
45.73333,1
45.733333,1
45.733611,1
45.734074,1
45.734275,1
45.7345,1
45.735278,1
45.735306,1
45.7358113,3
45.7358115,1
45.73586,1
45.7364444,2
45.736549,1
45.736585,1
45.736667,1
45.737152,1
45.737397,4
45.737499,1
45.7375,1
45.738202,1
45.7385,1
45.739378,1
45.739722,1
45.739813,2
45.739863,1
45.74,1
45.7401,1
45.740182,1
45.740397,1
45.740456,1
45.74048,1
45.740925,1
45.741587,1
45.741642,1
45.742917,1
45.74305,1
45.743052,1
45.743329,1
45.743346,1
45.7434719,1
45.743675,1
45.743986,1
45.744076,1
45.744671,1
45.744832,1
45.7448714,1
45.745002,1
45.745205,1
45.745384,1
45.745506,1
45.7456,1
45.746047,1
45.746121,1
45.746461,1
45.746766,1
45.7468543,1
45.747341,1
45.7476,1
45.747778,2
45.7478036,2
45.74786,1
45.747867,1
45.748218,1
45.748262,2
45.748963,3
45.748969,1
45.749043,1
45.749062,1
45.749128,1
45.74975,1
45.749957,1
45.7503,1
45.7504,1
45.7507,1
45.750844,1
45.7509065,3
45.751195,1
45.7512101,1
45.751216,1
45.7512162,1
45.751858,1
45.752065,1
45.752592,2
45.753319,1
45.753808,1
45.75413,2
45.754666,1
45.755604,1
45.75562,1
45.755878,1
45.75593,1
45.7559583,1
45.756167,2
45.756666,1
45.75692,1
45.75715,1
45.757196,1
45.757293,1
45.758265,1
45.75897,1
45.759367,1
45.759901,1
45.760483,1
45.7613,1
45.76145,1
45.761861,1
45.7620783,1
45.762519,1
45.763941,1
45.7654157,1
45.7656017,1
45.765629,1
45.76611,2
45.766315,1
45.7665,1
45.767583,1
45.767666,1
45.769133,1
45.771311,1
45.771389,1
45.771754,1
45.771823,1
45.77255,1
45.772725,1
45.773505,1
45.774175,1
45.774249,1
45.77482,1
45.775104,1
45.775128,1
45.776566,1
45.776927,1
45.777341,1
45.77784,1
45.778028,1
45.778289,1
45.779921,1
45.780076,1
45.780194,1
45.780244,1
45.780268,2
45.780738,1
45.780964,1
45.781232,1
45.781385,1
45.781561,1
45.781977,1
45.7831,1
45.783621,2
45.783664,1
45.784273,1
45.784444,1
45.78478,2
45.78513,1
45.785183,1
45.785592,1
45.785713,2
45.78703,1
45.787486,2
45.788889,1
45.792692,1
45.792778,1
45.7931,1
45.793613,1
45.793638,1
45.794206,1
45.794484,2
45.79454,1
45.7946279,1
45.794652,1
45.794676,1
45.794749,2
45.7947496,2
45.7947659,1
45.795182,1
45.795189,1
45.795278,1
45.795333,1
45.796091,1
45.79615,1
45.798156,1
45.799971,1
45.8001309,1
45.800324,1
45.80047,1
45.800732,1
45.800864,1
45.801114,1
45.8012,1
45.801474,1
45.8015,1
45.801755,1
45.801828,1
45.802222,1
45.802417,1
45.802985,1
45.803608,1
45.807643,1
45.80863,1
45.808946,1
45.809136,1
45.809172,1
45.8092611,1
45.809444,1
45.810751,1
45.81083,1
45.810992,1
45.81411,1
45.814333,1
45.815694,1
45.816064,1
45.816876,1
45.817031,1
45.818396,1
45.819224,1
45.8202,1
45.821111,1
45.82126,1
45.821419,1
45.821945,1
45.8226177,2
45.8229155,1
45.8238,1
45.824498,1
45.82459,1
45.824722,1
45.825,1
45.8261938,1
45.827024,1
45.828663,1
45.829046,1
45.829444,1
45.8302176,1
45.830474,1
45.8312255,2
45.8314071,1
45.8329,1
45.834911,1
45.835833,1
45.8361298,1
45.83849,1
45.839167,1
45.83949,1
45.8397,1
45.84,1
45.840635,1
45.841111,1
45.84177,2
45.842251,1
45.84296,1
45.843702,1
45.845063,1
45.845683,1
45.84732,1
45.847499,1
45.848056,1
45.848419,1
45.848449,1
45.848645,1
45.848851,1
45.849722,1
45.8517331,1
45.851813,1
45.852351,2
45.852823,1
45.853204,1
45.854167,1
45.854861,1
45.855176,1
45.855278,1
45.85620821,1
45.857159,1
45.857295,1
45.857378,1
45.857503,1
45.85829,1
45.858381,1
45.859209,1
45.85979,1
45.859813,1
45.861275,3
45.8616,1
45.864335,1
45.865362,1
45.866233,1
45.866322,1
45.8668871,1
45.867683,1
45.86801,1
45.868557,1
45.86929,1
45.8704641,1
45.870467,1
45.87055,1
45.870929,2
45.871678,1
45.872283,1
45.873351,1
45.874444,1
45.8750996,1
45.875291,1
45.875658,3
45.875798,1
45.87586,1
45.875895,1
45.877,1
45.877706,1
45.877959,1
45.8779885,1
45.878333,1
45.878434,1
45.8785709,1
45.87859,1
45.87876,1
45.8788,1
45.878879,1
45.879285,2
45.87944,1
45.88093,1
45.881092,1
45.881724,1
45.881738,2
45.881852,1
45.8821,1
45.8824,1
45.8825141,1
45.883384,1
45.883791,1
45.884059,2
45.8841,2
45.884217,1
45.88448,1
45.885,1
45.885292,1
45.885317,1
45.88537,1
45.886012,1
45.88634,1
45.886418,1
45.886806,1
45.8874,1
45.887462,1
45.889021,1
45.8895,1
45.889631,1
45.8898197,1
45.891944,1
45.892257,1
45.892385,1
45.89333,1
45.893887,1
45.895983,1
45.896038,1
45.89635,1
45.8977,1
45.898762,3
45.89972222,1
45.899967,1
45.9000107,1
45.90047,1
45.9006,2
45.900884,6
45.9014915,1
45.902709,1
45.9031,1
45.90345,1
45.904555,1
45.905,1
45.905255,1
45.905562,1
45.905667,1
45.90611,1
45.907257,1
45.907443,2
45.907463,1
45.908161,1
45.908333,2
45.908583,1
45.908661,1
45.9090986,1
45.90931,2
45.909951,1
45.910529,1
45.910687,1
45.911857,1
45.913763,1
45.914083,2
45.91668,2
45.916766,1
45.9180064,1
45.919444,1
45.92069,1
45.921376,1
45.921397,1
45.921963,1
45.923098,1
45.9235,1
45.926944,1
45.93167,1
45.934944,1
45.935943,1
45.935955,1
45.935979,1
45.935989,1
45.936582,1
45.938746,1
45.93889,1
45.94025,1
45.941326,1
45.94156,1
45.945239,1
45.94655,1
45.946839,1
45.94805,1
45.949282,1
45.9499,1
45.950316,1
45.950383,1
45.950672,1
45.950832,1
45.9512199,1
45.951967,1
45.95233,1
45.95315,1
45.953183,1
45.953611,1
45.954,1
45.95422012,1
45.954385,2
45.9543851,1
45.954669,3
45.95528,1
45.95562,1
45.956278,1
45.956688,1
45.956996,1
45.957,1
45.957778,1
45.958,1
45.958333,1
45.958583,1
45.959163,1
45.95949,1
45.9597,1
45.960079,1
45.960453,1
45.96175,2
45.96241,1
45.963394,2
45.9641,1
45.96473,1
45.964865,1
45.964963,1
45.965,1
45.965181,1
45.965447,1
45.965659,1
45.965745,1
45.96575,1
45.965858,5
45.965941,2
45.966042,2
45.966256,1
45.966278,1
45.966667,1
45.968964,1
45.96983,1
45.9699972,1
45.97000278,1
45.97004167,2
45.97009445,1
45.970122,1
45.9702204,1
45.97135,1
45.971497,1
45.971914,1
45.9719663,1
45.97255,1
45.9753,1
45.97538889,1
45.977533,1
45.979997,1
45.980412,1
45.9804121,1
45.980735,1
45.980812,1
45.981667,1
45.9817582,1
45.98339,2
45.9837963,1
45.984444,1
45.984616,1
45.98648,1
45.98798,1
45.988889,1
45.990556,1
45.991667,1
45.993078,1
45.994412,1
45.994428,1
45.995835,1
45.99679,1
45.9979,1
45.997947,1
45.998481,1
45.998742,1
45.998846,1
45.999179,1
46.002835,1
46.003813,1
46.00615,1
46.006827,1
46.008765,1
46.0092,1
46.01,1
46.010163,1
46.010819,1
46.018471,1
46.019109,1
46.021757,1
46.022457,1
46.02415,1
46.024867,1
46.0279615,1
46.030417,2
46.032993,2
46.037647,1
46.049918,1
46.0506,1
46.052465,1
46.053491,1
46.053966,1
46.057005,1
46.05853,1
46.0655,2
46.073466,1
46.07364,1
46.08477,1
46.0851,1
46.08532,1
46.087997,1
46.089257,1
46.090474,1
46.0912017,1
46.0955182,1
46.0996,1
46.11357,1
46.114956,1
46.115024,1
46.1173,1
46.119167,1
46.1206,1
46.126,1
46.128801,1
46.129,1
46.129552,1
46.130658,1
46.13473,1
46.135489,1
46.135704,1
46.136631,1
46.1385,1
46.139746,1
46.1432,1
46.143404,1
46.143555,1
46.145279,6
46.145378,1
46.148549,1
46.149848,1
46.153594,1
46.1551666,1
46.157416,1
46.15911,1
46.159154,1
46.159179,1
46.159333,1
46.160364,1
46.161133,1
46.161851,1
46.16395,1
46.17093,1
46.171111,1
46.1723975,1
46.1724,1
46.183924,1
46.186111,1
46.187735,1
46.190602,1
46.193,1
46.193889,1
46.194079,1
46.1958,1
46.197441,1
46.19797,1
46.198855,1
46.201332,1
46.201359,1
46.2021835,1
46.20285,1
46.2039536,1
46.2041955,2
46.20423,1
46.2044,1
46.2049615,1
46.20525,1
46.20537,1
46.20681,1
46.2071961,1
46.208717,1
46.2088,1
46.209707,1
46.211409,1
46.21299,1
46.213966,1
46.21503,1
46.215818,1
46.215865,1
46.21686,1
46.21864,1
46.218889,1
46.21976,1
46.21983,1
46.22,1
46.220183,1
46.2247,1
46.2258,1
46.2272,1
46.2282667,3
46.230188,1
46.2303175,1
46.23128,1
46.2328,1
46.233056,1
46.233224,1
46.2332247,1
46.23335,1
46.233353,1
46.234,1
46.234923,1
46.235083,1
46.235158,1
46.2353193,1
46.23562,4
46.23833,1
46.239417,1
46.24087,1
46.241167,1
46.244542,1
46.245686,1
46.245928,1
46.246703,1
46.246892,1
46.246944,1
46.247723,1
46.247752,1
46.251389,1
46.253111,1
46.253889,1
46.2549,1
46.2552047,1
46.256441,1
46.258446,1
46.259421,1
46.261183,1
46.26179,1
46.261892,1
46.264277,1
46.264849,1
46.265167,1
46.2655,1
46.267,1
46.2675,4
46.269289,1
46.269722,1
46.273768,1
46.2738,1
46.275091,1
46.275718,1
46.276496,1
46.276668,1
46.278208,1
46.27901,1
46.279421,1
46.27946,1
46.280876,1
46.28146,1
46.281944,1
46.282778,1
46.282815,1
46.28307,1
46.2833,1
46.283611,1
46.284274,1
46.284793,1
46.2856,1
46.28569,3
46.285833,1
46.2863843,1
46.286398,1
46.2866,1
46.2879,1
46.2882,1
46.28832348,1
46.28995,1
46.290143,1
46.290357,4
46.290465,1
46.2911715,1
46.291242,2
46.2912425,1
46.293554,1
46.2945,1
46.29467,1
46.2963,1
46.296608,1
46.297729,1
46.299,1
46.3,2
46.3003,1
46.300556,1
46.301389,1
46.3017,1
46.303083,1
46.30355,1
46.305519,1
46.305555,1
46.305646,1
46.313564,1
46.3136608,1
46.315991,1
46.316267,1
46.31696,1
46.3173473,1
46.319843,1
46.319848,1
46.32152564,1
46.322845,1
46.323067,1
46.323167,1
46.32384,2
46.3244,1
46.325379,1
46.327222,1
46.327501,1
46.32754,1
46.329,1
46.330073,1
46.3301,3
46.330596,1
46.3339,1
46.33425,1
46.334954,1
46.335231,1
46.336761,2
46.3375,1
46.339336,1
46.339831,1
46.341556,1
46.343492,1
46.343557,1
46.3446,1
46.345,1
46.34637,1
46.3466278,1
46.346803,1
46.347144,1
46.348333,1
46.348815,1
46.348853,1
46.349122,2
46.35,1
46.35334,1
46.3543,1
46.355555,1
46.35576,1
46.356134,1
46.3589567,1
46.359518,1
46.3595189,1
46.360815,1
46.36091,1
46.362975,1
46.3632,1
46.363611,1
46.3638487,1
46.3646,1
46.365446,1
46.366083,1
46.366793,1
46.371399,1
46.3725,1
46.374167,1
46.374375,1
46.375346,1
46.37539687,1
46.3757385,1
46.37642,1
46.376895,1
46.3783404,1
46.378664,1
46.381068,1
46.381206,1
46.381621,1
46.381659,1
46.3833333,1
46.383474,2
46.3835,1
46.388665,1
46.38913,1
46.390098,1
46.3909,1
46.391807,1
46.3928481,1
46.39311,1
46.39806,1
46.398347,1
46.40005,1
46.40029,1
46.40605,1
46.407451,2
46.41161,1
46.41172,1
46.4125,1
46.414629,1
46.4147,1
46.415605,1
46.415822,1
46.41587,1
46.417818,1
46.41836,1
46.4186802,1
46.41922,1
46.419341,1
46.420111,1
46.421149,1
46.421395,1
46.42177,2
46.423173,1
46.424839,1
46.427493,1
46.4293,1
46.42931,1
46.429316,1
46.43304,1
46.433228,2
46.433257,1
46.4337091,1
46.43531,1
46.435915,1
46.436389,1
46.438908,1
46.439033,1
46.44208,1
46.4429528,1
46.444897,1
46.445252,2
46.4459861,1
46.447606,1
46.447743,2
46.4484,1
46.44952,1
46.45,2
46.450009,1
46.4504762,1
46.451286,1
46.452,1
46.45226,1
46.452604,2
46.454978,1
46.455028,1
46.456249,1
46.4595958,1
46.4633,1
46.465,1
46.465057,1
46.46658,1
46.466667,1
46.471493,1
46.47291,1
46.473082,1
46.474521,1
46.476178,1
46.476948,1
46.477438,2
46.479048,2
46.4804646,1
46.481327,1
46.48191,1
46.484406,1
46.486481,1
46.487294,1
46.4958,1
46.497827,1
46.498916,1
46.500249,1
46.502326,1
46.503483,1
46.5046,1
46.507222,1
46.509287,1
46.511821,2
46.513598,1
46.5136939,1
46.5141969,1
46.515027,1
46.51666667,1
46.519919,1
46.521111,1
46.521449,1
46.521944,1
46.5224558,1
46.524934,1
46.5252444,1
46.5285477,1
46.528958,1
46.531486,3
46.5319167,1
46.53235,1
46.533054,1
46.5351123,1
46.535514,1
46.536405,1
46.5366893,1
46.537356,1
46.537572,1
46.5381994,1
46.53861,1
46.540947,1
46.5411599,1
46.541304,1
46.541311,1
46.541513,1
46.541849,1
46.542305,1
46.542702,1
46.542756,1
46.54301,1
46.545527,1
46.54608,1
46.5466,1
46.549392,1
46.5493926,1
46.55141,1
46.551835,1
46.553,1
46.5543517,2
46.55524,1
46.5586,1
46.558681,1
46.5598391,1
46.560281,2
46.560519,1
46.5612122,1
46.5642782,1
46.56485,1
46.5652,1
46.565313,1
46.56569,1
46.565766,1
46.566352,1
46.568922,1
46.570939,1
46.571437,1
46.57458,1
46.576111,1
46.5771,1
46.57949,1
46.579495,1
46.579808,1
46.5801799,1
46.581111,1
46.5842,1
46.5851,1
46.58543,1
46.586193,1
46.586664,1
46.588343,1
46.590216,1
46.591669,1
46.592472,1
46.5928,2
46.593526,1
46.59412,1
46.5944154,1
46.594456,1
46.595,1
46.595569,1
46.596097,1
46.600862,1
46.603074,1
46.603741,1
46.604232,1
46.605833,1
46.605962,1
46.606587,1
46.609294,1
46.609667,1
46.6097259,1
46.609778,1
46.6098601,1
46.609983,1
46.610747,1
46.6114,1
46.6125,1
46.6125008,1
46.613017,1
46.613305,1
46.6143468,1
46.614569,1
46.614991,1
46.6154,1
46.6167801,1
46.6171679,1
46.617254,1
46.617722,1
46.618532,1
46.618611,1
46.623125,1
46.623641,1
46.624141,1
46.624298,2
46.6243643,1
46.62438,1
46.624648,1
46.624681,1
46.6253,1
46.625408,1
46.62569,1
46.629132,1
46.631316,1
46.631722,1
46.6325,1
46.633331,1
46.635478,1
46.63663,1
46.637444,1
46.637879,1
46.637927,3
46.6379277,3
46.638459,2
46.638607,2
46.6386076,1
46.638781,1
46.638914,1
46.639028,1
46.639335,1
46.639656,1
46.639909,1
46.641051,1
46.6411,2
46.64235,1
46.642611,1
46.642835,1
46.64351,1
46.6436167,1
46.644333,1
46.645917,1
46.64848,1
46.648744,1
46.64968,1
46.6513,1
46.651944,1
46.652677,1
46.652961,1
46.6537337,1
46.655333,1
46.657527,1
46.660022,1
46.66022,1
46.6604,1
46.66055556,1
46.661667,1
46.66217,1
46.662222,1
46.66227,1
46.662601,1
46.6635304,1
46.663532,1
46.6647,1
46.6647222,1
46.66514,1
46.66583,1
46.666789,1
46.667724,1
46.668085,1
46.668386,1
46.6684323,1
46.669482,1
46.670511,1
46.670924,1
46.6711414,1
46.6725,1
46.674253,1
46.67435,1
46.6768,1
46.67878,1
46.67948,1
46.680556,1
46.6811362,1
46.682955,1
46.6832,1
46.686361,1
46.688167,1
46.691207,1
46.6918066,1
46.692332,2
46.69233215,1
46.69421,1
46.6967512,1
46.6971092,1
46.6971622,3
46.697186,1
46.701237,1
46.708361,1
46.708695,1
46.712873,1
46.71416,1
46.716867,1
46.717956,1
46.718058,1
46.718919,1
46.71902,1
46.72,1
46.720441,1
46.721928,1
46.723694,2
46.724358,1
46.724423,1
46.7256,1
46.72631,1
46.7263321,1
46.729254,1
46.730095,1
46.732965,1
46.7329651,1
46.74059,1
46.74104,1
46.741496,1
46.746157,1
46.75092,1
46.751499,1
46.751937,1
46.7555117,1
46.757211,1
46.757478,1
46.757722,1
46.7582,1
46.7583,1
46.7645225,1
46.7804,1
46.781203,3
46.785119,1
46.7887252,1
46.788825,1
46.790275,1
46.790555,1
46.79133,1
46.796028,1
46.7960289,5
46.796029,2
46.805674,1
46.80888889,1
46.8235,1
46.82576667,1
46.847,1
46.847778,2
46.849579,1
46.85717,1
46.861,1
46.867223,1
46.8689028,1
46.869172,1
46.870278,1
46.883132,2
46.885063,1
46.8955,1
46.89625,2
46.898388,1
46.922222,1
46.926667,2
46.942333,1
46.943017,1
46.946657,1
46.948889,1
46.9513517,1
46.951435,1
46.952067,1
46.953155,1
46.953542,1
46.956806,1
46.95775,1
46.9586227,1
46.9620799,1
46.96526,1
46.965864,1
46.9753717,1
46.975377,1
46.975717,1
46.976391,1
46.978845,1
46.9804833,1
46.989386,1
46.989683,3
46.99221,1
46.9936111,1
46.995854,1
46.99725,1
46.99817,1
46.998176,1
47,1
47.0000699,1
47.0006445,1
47.003397,2
47.0034,1
47.0051251,1
47.01055556,1
47.011702,1
47.0198398,1
47.02574,1
47.032558,2
47.03444,1
47.037389,1
47.042769,1
47.047275,1
47.048977,1
47.05,1
47.0539,1
47.0558555,1
47.05818,1
47.0598657,1
47.06216,1
47.062389,1
47.06304,1
47.063829,1
47.07048,1
47.0708,1
47.071317,1
47.072349,1
47.0731,1
47.073333,1
47.074117,1
47.076995,1
47.077,1
47.084941,1
47.0851,1
47.087142,1
47.089,1
47.08977,1
47.095384,1
47.100289,1
47.105556,1
47.1064402,1
47.1066384,1
47.1066631,1
47.108694,1
47.111944,1
47.113457,1
47.113625,1
47.12,1
47.120096,1
47.120138,1
47.12061,1
47.125812,1
47.128549,1
47.134951,1
47.13735,1
47.1416888,1
47.141739,1
47.1448,1
47.1461,1
47.1481,1
47.155208,1
47.159954,1
47.16238,1
47.1623804,1
47.16387,1
47.165279,1
47.16931,1
47.174812,1
47.17578,1
47.17703,1
47.180093,2
47.180183,1
47.18494,1
47.19541,1
47.215,1
47.2157,1
47.223124,1
47.223275,1
47.232,1
47.232883,1
47.23586,1
47.2423,1
47.2505197,1
47.2537014,1
47.268148,1
47.269389,1
47.271516,1
47.2725,2
47.272907,1
47.273947,1
47.27505,1
47.279608,1
47.2803375,1
47.28113,1
47.2853,1
47.28593,1
47.285996,1
47.286944,1
47.2924632,1
47.2925155,1
47.304906,1
47.313889,1
47.31459,1
47.316475,2
47.319722,1
47.3419696,1
47.3557,1
47.357461,1
47.3595001,1
47.3619,2
47.366056,1
47.36799,1
47.3704588,2
47.3725,1
47.37583,2
47.380556,1
47.384853,1
47.3867863,1
47.3867869,1
47.386792,1
47.392024,1
47.39619,1
47.402523,1
47.407767,1
47.4084698,1
47.4086319,1
47.412733,1
47.413043,1
47.4132,1
47.420078,1
47.4209904,1
47.422,1
47.428583,1
47.4304,1
47.438553,1
47.442347,2
47.442671,1
47.4428749,1
47.4429,5
47.44299,5
47.4437,1
47.445741,1
47.44933,1
47.449857,1
47.452464,1
47.455,1
47.45677,1
47.458037,1
47.458788,1
47.46374,1
47.4642975,1
47.464352,1
47.472396,1
47.4733,1
47.474117,1
47.47784,2
47.478228,1
47.478894,1
47.479153,1
47.481481,1
47.488079,1
47.488611,1
47.502013,1
47.506944,1
47.5085833,1
47.509723,1
47.510991,1
47.5127,1
47.5166018,1
47.517622,1
47.518174,1
47.51823,1
47.520033,2
47.522143,1
47.523056,1
47.52375,1
47.526764,1
47.527,1
47.528837,1
47.529752,1
47.531147,3
47.531244,1
47.538611,1
47.543056,2
47.547,1
47.550899,1
47.5515021,1
47.55571,1
47.557824,1
47.558282,1
47.55994,1
47.560197,1
47.5604893,1
47.566642,1
47.5804938,1
47.594603,1
47.5949633,1
47.601234,1
47.601385,1
47.602867,1
47.6053063,1
47.60554,1
47.6094149,1
47.61799,1
47.6184202,1
47.6184989,1
47.619572,1
47.619763,2
47.62,1
47.6232,1
47.624688,1
47.627891,1
47.630903,1
47.63271,1
47.6381994,1
47.647045,1
47.6470841,1
47.6475075,2
47.661515,1
47.663333,1
47.6635774,1
47.664751,1
47.67,2
47.671073,2
47.672778,1
47.67493,1
47.689607,1
47.69077,1
47.69389,1
47.694769,1
47.697077,12
47.7016,1
47.702114,1
47.7025,1
47.715059,1
47.716684,1
47.718468,1
47.719014,1
47.7243271,1
47.7247,1
47.733115,2
47.734642,1
47.734685,1
47.7367,1
47.7398,1
47.749478,1
47.749674,1
47.75254,1
47.752574,1
47.7560486,1
47.76119,1
47.761482,1
47.762629,1
47.766899,1
47.772495,1
47.777278,1
47.784167,1
47.786782,1
47.803,1
47.805968,1
47.80611,1
47.813056,1
47.8206438,2
47.82423,1
47.83192,1
47.841708,1
47.84691,1
47.84863,1
47.8553554,1
47.855846,1
47.856221,1
47.872472,1
47.87332,1
47.8753006,1
47.8785,1
47.8897368,1
47.889759,1
47.890974,1
47.903247,1
47.9042,1
47.908675,1
47.9086754,1
47.911158,1
47.949202,1
47.94962,2
47.9625,1
47.96639,2
47.972712,1
47.980252,1
47.993717,1
47.99872,1
47.99879,1
48.007286,1
48.008636,1
48.0342,1
48.04114,1
48.052476,1
48.069986,1
48.080026,1
48.08082,1
48.098332,1
48.10516,1
48.10522,1
48.131309,1
48.139208,1
48.166827,1
48.183304,1
48.18814,1
48.188164,1
48.189764,1
48.190251,1
48.19178,1
48.197558,1
48.20153,1
48.2036,1
48.2066,1
48.208917,1
48.211258,1
48.213836,1
48.218557,1
48.2271893,1
48.2274762,1
48.233849,1
48.252008,1
48.255364,1
48.256267,1
48.263333,1
48.264444,1
48.265153,1
48.2661592,1
48.269074,1
48.2690744,1
48.2693469,1
48.269951,1
48.300556,1
48.302778,1
48.30655,2
48.309837,1
48.321301,1
48.341389,1
48.3425,1
48.3439336,1
48.344167,1
48.344556,1
48.3511296,1
48.356626,1
48.3597,1
48.369247,1
48.371484,1
48.376239,1
48.390568,1
48.396268,1
48.397098,1
48.4001,1
48.40873,1
48.42195,2
48.43,1
48.430811,1
48.43573,1
48.440551,1
48.444665,1
48.445494,1
48.448561,1
48.448569,1
48.47472,1
48.482389,1
48.5054,1
48.50942,1
48.546108,1
48.546435,1
48.549455,1
48.55275,2
48.555914,1
48.571,2
48.575468,2
48.5755634,1
48.595566,1
48.610955,1
48.615,1
48.615278,1
48.617078,1
48.61729,1
48.618874,1
48.62497,2
48.62502,1
48.631555,1
48.633056,1
48.63638,1
48.655287,1
48.674894,1
48.679694,1
48.6894566,1
48.693584,1
48.6967487,1
48.71488,1
48.715324,1
48.724019,1
48.729772,1
48.7325656,1
48.735833,1
48.736382,1
48.744377,1
48.7472198,1
48.747478,1
48.74922,1
48.752911,1
48.758464,1
48.7638027,1
48.768889,1
48.770238,2
48.778164,1
48.783097,1
48.789175,1
48.7909078,1
48.807404,1
48.80842,1
48.816716,1
48.8203,1
48.831174,1
48.836845,1
48.84097,1
48.84749,1
48.849167,1
48.8631039,1
48.8632572,1
48.868916,1
48.86916,1
48.874634,2
48.888861,1
48.90684,1
48.9069302,1
48.925106,1
48.938,1
48.9393278,1
48.946297,2
48.9503803,1
48.97,2
49.6995,1
49.904988,1
56.632167,1
96.300556,2
NA,86
