"ReceiveDate","n"
"1/10/2017",30
"1/10/2018",16
"1/10/2020",44
"1/10/2022",52
"1/10/2023",47
"1/11/2017",9
"1/11/2019",23
"1/11/2021",53
"1/11/2022",48
"1/12/2016",73
"1/12/2021",12
"1/12/2022",47
"1/12/2023",28
"1/13/2015",22
"1/13/2016",49
"1/13/2020",9
"1/13/2021",66
"1/13/2022",18
"1/14/2015",52
"1/14/2016",7
"1/14/2019",79
"1/14/2020",32
"1/14/2021",34
"1/15/2019",87
"1/15/2020",83
"1/15/2021",9
"1/16/2015",22
"1/16/2018",22
"1/16/2019",82
"1/16/2020",35
"1/17/2018",22
"1/17/2019",81
"1/17/2022",23
"1/17/2023",32
"1/18/2016",22
"1/18/2017",28
"1/18/2018",8
"1/18/2021",92
"1/18/2022",28
"1/18/2023",59
"1/19/2015",20
"1/19/2017",47
"1/19/2018",22
"1/19/2021",23
"1/19/2023",5
"1/2/2018",7
"1/2/2019",9
"1/2/2020",75
"1/20/2016",52
"1/20/2017",23
"1/20/2020",70
"1/20/2021",54
"1/20/2022",4
"1/21/2015",44
"1/21/2016",22
"1/21/2019",21
"1/21/2020",23
"1/21/2021",23
"1/22/2015",23
"1/22/2018",94
"1/22/2020",96
"1/22/2021",30
"1/23/2018",73
"1/23/2019",12
"1/23/2020",55
"1/23/2023",46
"1/24/2017",83
"1/24/2018",117
"1/24/2019",29
"1/24/2023",23
"1/25/2017",10
"1/25/2018",22
"1/25/2019",48
"1/25/2021",35
"1/25/2022",89
"1/26/2016",57
"1/26/2017",45
"1/26/2018",22
"1/26/2021",91
"1/26/2022",77
"1/27/2015",47
"1/27/2016",31
"1/27/2017",8
"1/27/2021",47
"1/27/2022",70
"1/28/2015",129
"1/28/2016",55
"1/28/2020",80
"1/28/2021",58
"1/29/2015",31
"1/29/2016",8
"1/29/2018",8
"1/29/2019",139
"1/29/2020",74
"1/29/2021",41
"1/3/2018",22
"1/3/2019",23
"1/3/2020",8
"1/30/2015",6
"1/30/2017",22
"1/30/2018",84
"1/30/2019",160
"1/30/2020",90
"1/31/2017",46
"1/31/2018",81
"1/31/2019",51
"1/31/2020",42
"1/31/2022",11
"1/31/2023",16
"1/4/2016",7
"1/4/2017",24
"1/4/2018",22
"1/4/2021",51
"1/4/2023",19
"1/5/2016",98
"1/5/2017",2
"1/5/2018",23
"1/5/2021",59
"1/5/2023",28
"1/6/2015",33
"1/6/2016",44
"1/6/2020",38
"1/6/2021",39
"1/6/2022",32
"1/6/2023",7
"1/7/2016",28
"1/7/2019",9
"1/7/2020",9
"1/7/2021",26
"1/7/2022",8
"1/8/2015",23
"1/8/2018",12
"1/8/2019",83
"1/8/2020",101
"1/9/2015",16
"1/9/2017",23
"1/9/2018",69
"1/9/2019",125
"1/9/2020",46
"10/1/2018",77
"10/1/2019",95
"10/1/2020",102
"10/10/2017",50
"10/10/2018",67
"10/10/2019",32
"10/10/2022",2
"10/10/2023",50
"10/11/2017",47
"10/11/2018",23
"10/11/2019",11
"10/11/2021",3
"10/11/2022",18
"10/11/2023",23
"10/12/2016",28
"10/12/2017",27
"10/12/2020",52
"10/12/2021",3
"10/12/2022",60
"10/12/2023",4
"10/13/2015",45
"10/13/2016",63
"10/13/2017",30
"10/13/2020",23
"10/13/2021",27
"10/13/2022",33
"10/14/2015",36
"10/14/2016",45
"10/14/2019",35
"10/14/2020",132
"10/14/2021",47
"10/15/2015",8
"10/15/2019",87
"10/15/2020",99
"10/15/2021",2
"10/16/2015",50
"10/16/2017",75
"10/16/2018",118
"10/16/2019",81
"10/16/2020",4
"10/17/2016",43
"10/17/2017",93
"10/17/2018",98
"10/17/2019",51
"10/17/2023",48
"10/18/2016",129
"10/18/2017",81
"10/18/2018",110
"10/18/2019",23
"10/18/2022",178
"10/19/2016",129
"10/19/2017",24
"10/19/2020",1
"10/19/2021",116
"10/19/2022",35
"10/2/2015",44
"10/2/2017",43
"10/2/2018",145
"10/2/2019",89
"10/2/2020",20
"10/2/2023",23
"10/20/2015",93
"10/20/2016",36
"10/20/2017",149
"10/20/2020",66
"10/20/2021",127
"10/20/2022",3
"10/21/2015",8
"10/21/2016",66
"10/21/2019",30
"10/21/2020",116
"10/21/2021",60
"10/22/2015",8
"10/22/2018",34
"10/22/2019",77
"10/22/2020",37
"10/22/2021",75
"10/23/2017",122
"10/23/2018",25
"10/23/2019",12
"10/24/2017",125
"10/24/2018",28
"10/24/2019",1
"10/24/2023",60
"10/25/2016",22
"10/25/2017",140
"10/25/2018",3
"10/25/2019",59
"10/25/2021",33
"10/25/2022",84
"10/26/2015",8
"10/26/2016",77
"10/26/2017",8
"10/26/2021",92
"10/26/2022",96
"10/26/2023",23
"10/27/2015",174
"10/27/2020",49
"10/27/2021",40
"10/27/2022",23
"10/28/2015",56
"10/28/2016",22
"10/28/2019",32
"10/28/2020",37
"10/28/2021",21
"10/28/2022",21
"10/29/2018",23
"10/29/2019",104
"10/29/2020",3
"10/29/2021",23
"10/3/2016",26
"10/3/2017",75
"10/3/2018",60
"10/3/2019",79
"10/3/2022",22
"10/3/2023",80
"10/30/2017",30
"10/30/2018",136
"10/30/2019",130
"10/30/2020",39
"10/31/2016",40
"10/31/2018",190
"10/31/2023",69
"10/4/2016",29
"10/4/2017",30
"10/4/2019",3
"10/4/2021",9
"10/4/2022",24
"10/4/2023",4
"10/5/2016",37
"10/5/2017",75
"10/5/2018",27
"10/5/2020",41
"10/5/2021",29
"10/5/2022",54
"10/6/2016",23
"10/6/2017",22
"10/6/2020",71
"10/6/2021",26
"10/6/2022",26
"10/7/2015",80
"10/7/2016",22
"10/7/2019",82
"10/7/2020",62
"10/7/2021",28
"10/7/2022",1
"10/8/2015",53
"10/8/2018",69
"10/8/2019",115
"10/8/2020",171
"10/9/2019",77
"10/9/2020",9
"11/1/2016",6
"11/1/2017",44
"11/1/2018",92
"11/1/2019",46
"11/1/2021",23
"11/1/2022",98
"11/1/2023",39
"11/10/2015",97
"11/10/2016",22
"11/10/2020",46
"11/10/2021",26
"11/11/2015",14
"11/11/2016",85
"11/11/2019",7
"11/11/2020",18
"11/12/2015",22
"11/12/2019",165
"11/12/2020",109
"11/12/2021",56
"11/13/2017",16
"11/13/2018",34
"11/13/2019",36
"11/13/2020",15
"11/14/2016",64
"11/14/2017",56
"11/14/2018",23
"11/14/2019",36
"11/14/2023",49
"11/15/2017",43
"11/15/2018",80
"11/15/2019",66
"11/15/2021",32
"11/15/2022",93
"11/15/2023",96
"11/16/2015",22
"11/16/2016",8
"11/16/2017",17
"11/16/2018",93
"11/16/2020",58
"11/16/2021",45
"11/16/2022",23
"11/17/2015",55
"11/17/2016",55
"11/17/2020",89
"11/17/2021",83
"11/17/2022",44
"11/17/2023",9
"11/18/2015",38
"11/18/2016",51
"11/18/2019",24
"11/18/2020",26
"11/18/2021",29
"11/19/2015",30
"11/19/2019",140
"11/19/2020",24
"11/2/2015",23
"11/2/2016",54
"11/2/2017",30
"11/2/2018",9
"11/2/2020",43
"11/2/2021",72
"11/2/2022",107
"11/2/2023",50
"11/20/2018",148
"11/20/2019",162
"11/20/2020",41
"11/21/2016",23
"11/21/2017",2
"11/21/2018",2
"11/22/2016",24
"11/22/2019",34
"11/22/2021",23
"11/23/2016",24
"11/23/2020",9
"11/23/2021",28
"11/24/2015",6
"11/24/2021",21
"11/25/2015",2
"11/25/2019",84
"11/26/2018",62
"11/26/2019",60
"11/27/2017",8
"11/27/2018",56
"11/27/2019",25
"11/27/2023",23
"11/28/2016",78
"11/28/2017",53
"11/28/2018",47
"11/28/2022",16
"11/28/2023",17
"11/29/2016",156
"11/29/2017",53
"11/29/2018",21
"11/29/2021",19
"11/29/2022",35
"11/29/2023",93
"11/3/2015",68
"11/3/2016",20
"11/3/2020",36
"11/3/2021",62
"11/30/2016",52
"11/30/2017",70
"11/30/2018",23
"11/30/2020",9
"11/30/2021",54
"11/30/2023",47
"11/4/2015",130
"11/4/2016",32
"11/4/2019",63
"11/4/2020",9
"11/4/2021",24
"11/5/2015",43
"11/5/2019",178
"11/5/2020",41
"11/5/2021",59
"11/6/2018",25
"11/6/2019",104
"11/6/2020",9
"11/6/2023",24
"11/7/2017",89
"11/7/2018",74
"11/7/2019",82
"11/7/2023",56
"11/8/2016",56
"11/8/2017",123
"11/8/2018",27
"11/8/2021",21
"11/8/2022",55
"11/8/2023",55
"11/9/2015",49
"11/9/2018",28
"11/9/2021",62
"11/9/2022",32
"12/1/2015",92
"12/1/2016",29
"12/1/2017",22
"12/1/2020",52
"12/1/2021",102
"12/1/2022",32
"12/10/2015",22
"12/10/2019",80
"12/10/2020",40
"12/11/2015",22
"12/11/2017",8
"12/11/2018",24
"12/11/2019",37
"12/11/2020",21
"12/12/2016",20
"12/12/2017",28
"12/12/2018",9
"12/12/2019",1
"12/12/2022",9
"12/12/2023",64
"12/13/2017",91
"12/13/2018",28
"12/13/2019",40
"12/13/2021",9
"12/13/2023",47
"12/14/2015",22
"12/14/2016",49
"12/14/2017",37
"12/14/2018",23
"12/14/2020",21
"12/14/2021",51
"12/14/2022",27
"12/14/2023",23
"12/15/2015",93
"12/15/2016",1
"12/15/2017",87
"12/15/2021",9
"12/15/2022",25
"12/16/2015",24
"12/16/2019",114
"12/16/2020",58
"12/16/2021",49
"12/17/2019",12
"12/17/2020",68
"12/17/2021",28
"12/18/2015",43
"12/18/2017",78
"12/18/2018",73
"12/18/2019",58
"12/18/2020",23
"12/18/2023",3
"12/19/2017",48
"12/19/2018",64
"12/19/2019",23
"12/19/2023",52
"12/2/2015",25
"12/2/2016",81
"12/2/2019",82
"12/2/2020",36
"12/2/2021",80
"12/20/2016",22
"12/20/2017",36
"12/20/2018",43
"12/20/2019",3
"12/20/2021",28
"12/20/2022",23
"12/20/2023",21
"12/21/2016",3
"12/21/2018",24
"12/21/2020",95
"12/21/2021",16
"12/22/2015",25
"12/22/2016",42
"12/22/2017",22
"12/22/2020",34
"12/22/2021",31
"12/22/2022",25
"12/23/2015",28
"12/23/2019",47
"12/23/2020",75
"12/26/2017",3
"12/26/2019",23
"12/27/2016",31
"12/27/2017",2
"12/27/2019",9
"12/27/2021",12
"12/27/2023",57
"12/28/2016",3
"12/28/2018",23
"12/28/2020",23
"12/28/2021",25
"12/28/2023",6
"12/29/2016",23
"12/29/2021",27
"12/3/2015",19
"12/3/2018",46
"12/3/2019",23
"12/3/2020",23
"12/30/2015",66
"12/30/2019",58
"12/31/2015",25
"12/4/2017",32
"12/4/2018",101
"12/4/2019",82
"12/4/2020",48
"12/5/2016",23
"12/5/2017",69
"12/5/2019",46
"12/5/2023",24
"12/6/2017",52
"12/6/2018",53
"12/6/2019",35
"12/6/2023",36
"12/7/2016",47
"12/7/2017",44
"12/7/2018",27
"12/7/2021",53
"12/7/2022",35
"12/8/2015",90
"12/8/2017",22
"12/8/2020",74
"12/8/2021",110
"12/9/2015",83
"12/9/2019",29
"12/9/2020",9
"12/9/2021",23
"12/9/2022",2
"2/1/2016",22
"2/1/2017",45
"2/1/2018",75
"2/1/2022",124
"2/10/2015",97
"2/10/2016",88
"2/10/2021",3
"2/10/2022",53
"2/11/2015",89
"2/11/2016",49
"2/11/2020",26
"2/12/2015",24
"2/12/2019",26
"2/12/2020",49
"2/13/2018",41
"2/13/2019",23
"2/13/2020",10
"2/14/2017",27
"2/14/2018",60
"2/14/2019",27
"2/14/2020",35
"2/15/2018",32
"2/15/2022",9
"2/15/2023",38
"2/16/2016",35
"2/16/2017",22
"2/16/2021",23
"2/16/2022",28
"2/16/2023",23
"2/17/2016",43
"2/17/2017",24
"2/17/2021",9
"2/17/2022",28
"2/18/2015",98
"2/18/2016",66
"2/18/2020",48
"2/18/2021",52
"2/19/2015",40
"2/19/2016",8
"2/19/2019",33
"2/19/2020",71
"2/19/2021",23
"2/2/2015",22
"2/2/2016",44
"2/2/2018",24
"2/2/2021",62
"2/2/2022",36
"2/2/2023",36
"2/20/2018",50
"2/20/2019",96
"2/20/2020",23
"2/21/2017",47
"2/22/2016",47
"2/22/2017",50
"2/22/2018",34
"2/22/2021",49
"2/22/2023",27
"2/23/2016",36
"2/23/2017",56
"2/23/2018",26
"2/23/2021",23
"2/23/2023",26
"2/24/2015",94
"2/24/2016",35
"2/24/2020",9
"2/24/2021",5
"2/24/2022",25
"2/24/2023",50
"2/25/2015",49
"2/25/2019",6
"2/25/2020",64
"2/25/2021",9
"2/26/2015",25
"2/26/2018",7
"2/26/2019",18
"2/26/2020",23
"2/27/2017",49
"2/27/2018",103
"2/27/2019",46
"2/27/2020",23
"2/28/2017",75
"2/28/2018",60
"2/28/2020",24
"2/28/2023",3
"2/29/2016",39
"2/3/2015",70
"2/3/2016",73
"2/3/2017",8
"2/3/2020",26
"2/3/2021",121
"2/3/2022",9
"2/4/2015",95
"2/4/2016",88
"2/4/2020",36
"2/4/2021",22
"2/4/2022",23
"2/5/2016",22
"2/5/2019",24
"2/5/2020",76
"2/5/2021",35
"2/6/2015",66
"2/6/2018",17
"2/6/2019",73
"2/6/2020",23
"2/7/2017",22
"2/7/2018",75
"2/7/2019",21
"2/7/2020",7
"2/7/2023",23
"2/8/2016",21
"2/8/2017",31
"2/8/2019",23
"2/8/2022",177
"2/8/2023",48
"2/9/2016",119
"2/9/2018",88
"2/9/2022",64
"2/9/2023",27
"3/1/2016",3
"3/1/2017",25
"3/1/2018",7
"3/1/2019",9
"3/1/2023",36
"3/10/2015",51
"3/10/2016",67
"3/10/2020",148
"3/10/2021",21
"3/11/2015",33
"3/11/2016",43
"3/11/2019",47
"3/11/2020",33
"3/11/2021",67
"3/11/2022",27
"3/12/2015",47
"3/12/2018",1
"3/12/2019",55
"3/12/2020",115
"3/13/2017",40
"3/13/2018",67
"3/13/2019",85
"3/14/2016",62
"3/14/2017",31
"3/14/2018",51
"3/14/2023",9
"3/15/2016",125
"3/15/2017",31
"3/15/2018",31
"3/15/2019",23
"3/15/2022",23
"3/15/2023",56
"3/16/2015",41
"3/16/2016",58
"3/16/2017",8
"3/16/2018",22
"3/16/2020",46
"3/16/2021",9
"3/16/2022",42
"3/17/2015",46
"3/17/2016",49
"3/17/2017",22
"3/17/2020",2
"3/17/2021",46
"3/17/2022",32
"3/18/2016",25
"3/18/2019",57
"3/18/2020",47
"3/18/2021",47
"3/19/2015",3
"3/19/2019",10
"3/19/2020",44
"3/2/2015",20
"3/2/2016",104
"3/2/2017",44
"3/2/2018",22
"3/2/2020",26
"3/2/2022",76
"3/2/2023",59
"3/20/2017",68
"3/20/2018",96
"3/20/2019",149
"3/20/2020",23
"3/20/2023",9
"3/21/2016",45
"3/21/2017",71
"3/21/2018",88
"3/21/2019",183
"3/21/2022",2
"3/21/2023",54
"3/22/2016",52
"3/22/2017",142
"3/22/2018",66
"3/22/2019",23
"3/22/2021",24
"3/22/2022",42
"3/23/2015",19
"3/23/2016",40
"3/23/2017",25
"3/23/2018",24
"3/23/2020",9
"3/23/2021",138
"3/23/2022",155
"3/23/2023",36
"3/24/2015",74
"3/24/2016",96
"3/24/2017",5
"3/24/2020",55
"3/24/2021",34
"3/25/2015",65
"3/25/2019",116
"3/25/2020",18
"3/25/2021",29
"3/25/2022",24
"3/26/2015",1
"3/26/2018",22
"3/26/2019",19
"3/26/2020",28
"3/27/2017",23
"3/27/2018",54
"3/27/2019",111
"3/27/2020",23
"3/28/2016",27
"3/28/2017",123
"3/28/2018",60
"3/28/2019",70
"3/28/2022",24
"3/28/2023",47
"3/29/2016",33
"3/29/2017",214
"3/29/2019",78
"3/29/2021",23
"3/29/2023",37
"3/3/2015",39
"3/3/2016",29
"3/3/2020",87
"3/3/2021",104
"3/3/2022",23
"3/30/2016",58
"3/30/2017",29
"3/30/2018",22
"3/30/2020",32
"3/30/2021",79
"3/30/2022",51
"3/31/2015",78
"3/31/2016",83
"3/31/2020",53
"3/31/2021",23
"3/31/2022",23
"3/4/2015",32
"3/4/2020",163
"3/4/2021",23
"3/5/2015",22
"3/5/2018",41
"3/5/2019",46
"3/5/2020",61
"3/5/2021",3
"3/6/2017",44
"3/6/2018",46
"3/7/2017",128
"3/7/2018",2
"3/7/2019",4
"3/7/2022",23
"3/7/2023",3
"3/8/2016",59
"3/8/2017",31
"3/8/2018",67
"3/8/2021",9
"3/8/2022",24
"3/8/2023",51
"3/9/2016",104
"3/9/2017",39
"3/9/2020",45
"3/9/2021",49
"3/9/2022",56
"3/9/2023",25
"4/1/2015",50
"4/1/2019",69
"4/1/2020",46
"4/1/2022",4
"4/10/2017",100
"4/10/2018",107
"4/10/2019",313
"4/10/2020",45
"4/11/2016",6
"4/11/2017",117
"4/11/2018",28
"4/11/2019",107
"4/11/2023",91
"4/12/2016",179
"4/12/2017",72
"4/12/2021",19
"4/12/2022",28
"4/12/2023",9
"4/13/2016",44
"4/13/2017",45
"4/13/2018",22
"4/13/2020",56
"4/13/2021",23
"4/13/2022",9
"4/13/2023",58
"4/14/2015",40
"4/14/2016",8
"4/14/2020",4
"4/14/2021",121
"4/14/2022",51
"4/15/2015",70
"4/15/2016",22
"4/15/2019",92
"4/15/2020",55
"4/15/2021",9
"4/16/2015",2
"4/16/2018",92
"4/16/2019",55
"4/17/2017",43
"4/17/2018",98
"4/17/2019",47
"4/17/2020",29
"4/18/2016",20
"4/18/2017",23
"4/18/2018",45
"4/18/2019",23
"4/18/2022",24
"4/18/2023",56
"4/19/2016",153
"4/19/2017",53
"4/19/2018",21
"4/19/2019",9
"4/19/2021",117
"4/19/2022",86
"4/19/2023",24
"4/2/2015",223
"4/2/2019",81
"4/2/2021",9
"4/20/2015",72
"4/20/2016",50
"4/20/2017",72
"4/20/2020",59
"4/20/2021",9
"4/20/2022",24
"4/20/2023",9
"4/21/2015",132
"4/21/2016",62
"4/21/2017",22
"4/21/2020",135
"4/21/2021",21
"4/21/2022",68
"4/22/2015",56
"4/22/2016",22
"4/22/2019",26
"4/22/2020",51
"4/23/2015",42
"4/23/2019",152
"4/23/2021",67
"4/24/2015",50
"4/24/2017",47
"4/24/2018",81
"4/24/2019",62
"4/25/2016",32
"4/25/2017",121
"4/25/2018",59
"4/25/2019",130
"4/25/2022",24
"4/25/2023",23
"4/26/2016",40
"4/26/2017",48
"4/26/2018",64
"4/26/2019",9
"4/26/2021",23
"4/26/2022",62
"4/26/2023",52
"4/27/2015",39
"4/27/2016",105
"4/27/2020",27
"4/27/2021",74
"4/27/2022",11
"4/27/2023",25
"4/28/2015",62
"4/28/2016",43
"4/28/2020",56
"4/28/2021",46
"4/28/2022",22
"4/29/2015",69
"4/29/2016",22
"4/29/2019",29
"4/29/2020",70
"4/29/2021",101
"4/3/2015",53
"4/3/2017",151
"4/3/2018",77
"4/3/2019",59
"4/3/2023",23
"4/30/2015",22
"4/30/2018",119
"4/30/2019",160
"4/30/2020",27
"4/30/2021",61
"4/4/2016",86
"4/4/2017",154
"4/4/2018",70
"4/4/2019",67
"4/4/2022",23
"4/4/2023",96
"4/5/2016",76
"4/5/2017",54
"4/5/2018",33
"4/5/2019",23
"4/5/2022",95
"4/5/2023",25
"4/6/2015",20
"4/6/2016",48
"4/6/2018",64
"4/6/2020",23
"4/6/2021",30
"4/6/2022",62
"4/6/2023",24
"4/7/2015",39
"4/7/2016",23
"4/7/2020",23
"4/7/2021",69
"4/7/2022",34
"4/8/2015",55
"4/8/2016",53
"4/8/2019",26
"4/8/2020",60
"4/8/2021",72
"4/9/2015",24
"4/9/2018",35
"4/9/2019",40
"4/9/2021",23
"5/1/2017",70
"5/1/2018",32
"5/1/2019",96
"5/1/2020",18
"5/1/2023",25
"5/10/2016",58
"5/10/2017",82
"5/10/2018",28
"5/10/2019",32
"5/10/2022",65
"5/10/2023",49
"5/11/2015",63
"5/11/2016",25
"5/11/2017",24
"5/11/2018",64
"5/11/2020",31
"5/11/2021",80
"5/11/2022",46
"5/11/2023",31
"5/12/2015",89
"5/12/2016",35
"5/12/2017",32
"5/12/2020",41
"5/12/2021",79
"5/12/2022",30
"5/13/2015",93
"5/13/2019",110
"5/13/2020",131
"5/13/2021",91
"5/13/2022",24
"5/14/2015",46
"5/14/2018",9
"5/14/2019",18
"5/14/2020",61
"5/14/2021",69
"5/15/2015",29
"5/15/2017",161
"5/15/2018",189
"5/15/2019",267
"5/15/2020",23
"5/16/2016",61
"5/16/2017",133
"5/16/2018",329
"5/16/2019",32
"5/16/2022",37
"5/16/2023",62
"5/17/2016",66
"5/17/2017",96
"5/17/2021",23
"5/17/2022",73
"5/17/2023",81
"5/18/2016",40
"5/18/2017",23
"5/18/2018",23
"5/18/2020",23
"5/18/2021",94
"5/18/2022",23
"5/19/2015",28
"5/19/2016",32
"5/19/2020",121
"5/19/2021",103
"5/19/2022",26
"5/19/2023",8
"5/2/2016",23
"5/2/2017",99
"5/2/2018",100
"5/2/2019",38
"5/2/2022",90
"5/2/2023",26
"5/20/2015",27
"5/20/2016",22
"5/20/2019",46
"5/20/2020",83
"5/20/2021",34
"5/21/2015",22
"5/21/2019",29
"5/21/2020",104
"5/22/2017",70
"5/22/2018",49
"5/22/2019",98
"5/23/2016",30
"5/23/2017",88
"5/23/2018",62
"5/23/2019",110
"5/23/2022",46
"5/23/2023",26
"5/24/2016",105
"5/24/2017",73
"5/24/2018",51
"5/24/2019",38
"5/24/2022",12
"5/24/2023",47
"5/25/2016",54
"5/25/2017",77
"5/25/2021",107
"5/25/2022",36
"5/25/2023",59
"5/26/2015",22
"5/26/2016",47
"5/26/2020",50
"5/26/2021",32
"5/27/2015",25
"5/27/2016",42
"5/27/2020",50
"5/27/2021",27
"5/28/2015",22
"5/28/2019",152
"5/28/2020",51
"5/29/2018",46
"5/29/2019",70
"5/29/2020",9
"5/3/2016",115
"5/3/2017",39
"5/3/2018",35
"5/3/2019",77
"5/3/2021",117
"5/3/2022",84
"5/3/2023",110
"5/30/2017",92
"5/30/2018",178
"5/30/2019",51
"5/31/2016",30
"5/31/2017",60
"5/31/2018",18
"5/31/2019",23
"5/31/2022",51
"5/31/2023",26
"5/4/2015",84
"5/4/2016",54
"5/4/2017",55
"5/4/2018",21
"5/4/2020",46
"5/4/2021",119
"5/4/2022",46
"5/4/2023",71
"5/5/2015",6
"5/5/2017",3
"5/5/2020",51
"5/5/2021",180
"5/5/2022",57
"5/6/2015",3
"5/6/2016",45
"5/6/2019",23
"5/6/2020",41
"5/6/2021",46
"5/6/2022",23
"5/7/2015",22
"5/7/2018",41
"5/7/2019",137
"5/7/2020",72
"5/8/2015",22
"5/8/2017",47
"5/8/2018",25
"5/8/2019",71
"5/8/2023",23
"5/9/2016",52
"5/9/2017",6
"5/9/2018",145
"5/9/2019",41
"6/1/2015",50
"6/1/2016",117
"6/1/2017",66
"6/1/2018",29
"6/1/2020",23
"6/1/2021",79
"6/1/2023",105
"6/10/2015",73
"6/10/2016",66
"6/10/2019",32
"6/10/2020",73
"6/10/2021",61
"6/11/2015",29
"6/11/2018",65
"6/11/2019",131
"6/11/2020",162
"6/11/2021",12
"6/12/2015",2
"6/12/2017",30
"6/12/2018",78
"6/12/2019",4
"6/13/2016",29
"6/13/2017",59
"6/13/2018",48
"6/13/2019",11
"6/13/2022",34
"6/13/2023",45
"6/14/2016",152
"6/14/2017",11
"6/14/2018",88
"6/14/2019",24
"6/14/2021",24
"6/14/2022",28
"6/14/2023",32
"6/15/2016",173
"6/15/2018",21
"6/15/2020",113
"6/15/2021",120
"6/15/2022",35
"6/15/2023",44
"6/16/2015",37
"6/16/2016",32
"6/16/2020",121
"6/16/2021",41
"6/16/2022",33
"6/17/2015",15
"6/17/2016",22
"6/17/2019",39
"6/17/2020",64
"6/17/2021",32
"6/18/2015",24
"6/18/2018",21
"6/18/2019",95
"6/18/2020",44
"6/18/2021",32
"6/19/2017",8
"6/19/2018",170
"6/19/2019",34
"6/19/2020",23
"6/19/2023",28
"6/2/2015",113
"6/2/2017",22
"6/2/2020",89
"6/2/2021",23
"6/2/2022",8
"6/20/2016",11
"6/20/2017",120
"6/20/2018",138
"6/20/2019",55
"6/20/2022",23
"6/20/2023",5
"6/21/2016",208
"6/21/2017",128
"6/21/2018",87
"6/21/2021",23
"6/21/2022",33
"6/21/2023",26
"6/22/2015",51
"6/22/2016",85
"6/22/2018",51
"6/22/2020",23
"6/22/2021",60
"6/22/2022",83
"6/22/2023",15
"6/23/2015",8
"6/23/2016",51
"6/23/2017",31
"6/23/2020",168
"6/23/2021",76
"6/23/2022",2
"6/23/2023",9
"6/24/2015",106
"6/24/2019",23
"6/24/2020",137
"6/24/2021",25
"6/25/2015",30
"6/25/2018",95
"6/25/2019",126
"6/25/2020",74
"6/25/2021",18
"6/26/2015",38
"6/26/2017",22
"6/26/2018",86
"6/26/2019",56
"6/26/2023",74
"6/27/2016",44
"6/27/2017",91
"6/27/2018",146
"6/27/2019",7
"6/27/2023",39
"6/28/2016",119
"6/28/2017",108
"6/28/2018",49
"6/28/2019",23
"6/28/2021",16
"6/28/2023",23
"6/29/2015",8
"6/29/2016",168
"6/29/2017",14
"6/29/2018",57
"6/29/2020",32
"6/29/2021",107
"6/29/2022",28
"6/29/2023",28
"6/3/2015",36
"6/3/2016",8
"6/3/2019",26
"6/3/2020",138
"6/3/2021",35
"6/3/2022",37
"6/30/2015",36
"6/30/2016",31
"6/30/2017",52
"6/30/2020",104
"6/30/2021",217
"6/30/2022",77
"6/4/2015",16
"6/4/2018",29
"6/4/2019",134
"6/4/2020",54
"6/4/2021",9
"6/5/2017",142
"6/5/2018",94
"6/5/2019",109
"6/6/2017",53
"6/6/2018",128
"6/6/2019",33
"6/6/2023",181
"6/7/2016",46
"6/7/2017",193
"6/7/2018",65
"6/7/2019",73
"6/7/2021",133
"6/7/2022",164
"6/7/2023",94
"6/8/2016",60
"6/8/2017",14
"6/8/2018",9
"6/8/2020",23
"6/8/2021",85
"6/8/2022",81
"6/8/2023",50
"6/9/2015",72
"6/9/2016",49
"6/9/2017",99
"6/9/2020",23
"6/9/2021",134
"6/9/2022",9
"7/1/2015",21
"7/1/2016",8
"7/1/2019",55
"7/1/2020",101
"7/1/2021",41
"7/10/2015",8
"7/10/2017",96
"7/10/2018",101
"7/10/2019",72
"7/10/2020",101
"7/10/2023",32
"7/11/2016",2
"7/11/2017",77
"7/11/2018",120
"7/11/2019",51
"7/11/2022",75
"7/11/2023",77
"7/12/2016",80
"7/12/2017",160
"7/12/2018",12
"7/12/2019",11
"7/12/2021",23
"7/12/2022",71
"7/12/2023",25
"7/13/2015",69
"7/13/2016",232
"7/13/2017",30
"7/13/2018",67
"7/13/2020",26
"7/13/2021",15
"7/13/2022",56
"7/13/2023",219
"7/14/2015",17
"7/14/2016",110
"7/14/2017",22
"7/14/2020",39
"7/14/2021",68
"7/14/2022",40
"7/15/2015",22
"7/15/2019",33
"7/15/2021",42
"7/15/2022",46
"7/16/2015",122
"7/16/2018",8
"7/16/2019",75
"7/16/2020",108
"7/17/2018",96
"7/17/2019",80
"7/17/2023",25
"7/18/2016",18
"7/18/2017",80
"7/18/2018",106
"7/18/2019",103
"7/18/2022",9
"7/18/2023",126
"7/19/2016",58
"7/19/2017",130
"7/19/2018",108
"7/19/2021",31
"7/19/2022",119
"7/19/2023",61
"7/2/2018",55
"7/2/2019",23
"7/20/2015",22
"7/20/2016",107
"7/20/2017",113
"7/20/2018",117
"7/20/2020",73
"7/20/2021",78
"7/20/2022",49
"7/20/2023",98
"7/21/2015",101
"7/21/2016",50
"7/21/2017",62
"7/21/2020",74
"7/21/2021",92
"7/21/2022",28
"7/22/2015",8
"7/22/2019",60
"7/22/2020",172
"7/22/2021",79
"7/23/2015",22
"7/23/2018",38
"7/23/2019",83
"7/23/2020",25
"7/23/2021",46
"7/24/2017",49
"7/24/2018",229
"7/24/2019",72
"7/24/2020",47
"7/24/2023",3
"7/25/2016",50
"7/25/2017",201
"7/25/2018",104
"7/25/2019",151
"7/25/2023",88
"7/26/2016",83
"7/26/2017",128
"7/26/2021",23
"7/26/2022",147
"7/26/2023",16
"7/27/2016",80
"7/27/2017",6
"7/27/2020",23
"7/27/2021",32
"7/27/2022",150
"7/27/2023",33
"7/28/2015",64
"7/28/2016",76
"7/28/2017",108
"7/28/2020",162
"7/28/2021",167
"7/28/2022",34
"7/28/2023",21
"7/29/2015",70
"7/29/2019",32
"7/29/2020",125
"7/29/2021",128
"7/3/2018",106
"7/3/2019",189
"7/30/2015",28
"7/30/2018",12
"7/30/2019",112
"7/30/2020",58
"7/30/2021",16
"7/31/2017",18
"7/31/2018",206
"7/31/2019",99
"7/31/2020",16
"7/5/2016",26
"7/5/2017",6
"7/5/2018",50
"7/5/2019",23
"7/5/2023",98
"7/6/2016",103
"7/6/2017",33
"7/6/2020",122
"7/6/2021",8
"7/6/2022",47
"7/7/2015",40
"7/7/2017",44
"7/7/2021",18
"7/7/2022",64
"7/8/2015",68
"7/8/2016",56
"7/8/2019",55
"7/8/2020",86
"7/8/2021",46
"7/9/2015",23
"7/9/2018",23
"7/9/2019",146
"7/9/2020",39
"8/1/2016",62
"8/1/2017",67
"8/1/2018",19
"8/1/2019",134
"8/1/2022",24
"8/1/2023",34
"8/10/2015",47
"8/10/2016",57
"8/10/2017",22
"8/10/2018",9
"8/10/2020",3
"8/10/2021",41
"8/10/2022",6
"8/10/2023",104
"8/11/2015",17
"8/11/2016",103
"8/11/2017",38
"8/11/2020",3
"8/11/2021",35
"8/12/2015",41
"8/12/2016",45
"8/12/2019",74
"8/12/2020",58
"8/12/2021",107
"8/13/2018",93
"8/13/2019",89
"8/13/2020",25
"8/13/2021",32
"8/14/2015",7
"8/14/2017",22
"8/14/2018",65
"8/14/2019",36
"8/14/2020",135
"8/15/2016",51
"8/15/2017",134
"8/15/2018",116
"8/15/2019",69
"8/15/2022",33
"8/15/2023",23
"8/16/2016",32
"8/16/2017",22
"8/16/2018",96
"8/16/2019",45
"8/16/2021",64
"8/16/2022",81
"8/16/2023",53
"8/17/2015",8
"8/17/2016",64
"8/17/2017",119
"8/17/2018",24
"8/17/2020",35
"8/17/2021",29
"8/17/2022",43
"8/17/2023",23
"8/18/2015",103
"8/18/2016",28
"8/18/2017",25
"8/18/2020",73
"8/18/2021",40
"8/18/2022",28
"8/19/2015",37
"8/19/2019",71
"8/19/2020",51
"8/19/2022",23
"8/2/2016",36
"8/2/2017",93
"8/2/2018",7
"8/2/2019",64
"8/2/2021",23
"8/2/2022",35
"8/20/2015",51
"8/20/2018",8
"8/20/2019",81
"8/20/2020",23
"8/21/2015",2
"8/21/2017",62
"8/21/2018",43
"8/21/2019",130
"8/22/2016",206
"8/22/2017",77
"8/22/2018",104
"8/22/2019",82
"8/22/2022",37
"8/22/2023",58
"8/23/2016",18
"8/23/2018",37
"8/23/2019",60
"8/23/2021",58
"8/23/2022",32
"8/23/2023",102
"8/24/2015",63
"8/24/2016",78
"8/24/2017",54
"8/24/2018",46
"8/24/2020",13
"8/24/2021",102
"8/24/2022",13
"8/24/2023",84
"8/25/2015",110
"8/25/2016",66
"8/25/2017",3
"8/25/2020",87
"8/25/2021",55
"8/25/2022",35
"8/26/2015",75
"8/26/2016",8
"8/26/2019",252
"8/26/2020",94
"8/26/2021",18
"8/27/2018",71
"8/27/2019",111
"8/27/2020",110
"8/28/2015",58
"8/28/2017",22
"8/28/2018",17
"8/28/2019",61
"8/28/2020",38
"8/28/2023",24
"8/29/2016",105
"8/29/2017",25
"8/29/2018",63
"8/29/2019",56
"8/29/2022",11
"8/29/2023",13
"8/3/2015",21
"8/3/2016",199
"8/3/2017",42
"8/3/2018",20
"8/3/2020",53
"8/3/2021",80
"8/3/2022",69
"8/3/2023",40
"8/30/2016",22
"8/30/2017",50
"8/30/2018",106
"8/30/2022",25
"8/31/2015",46
"8/31/2016",81
"8/31/2017",45
"8/31/2020",41
"8/31/2021",50
"8/31/2022",98
"8/31/2023",23
"8/4/2015",9
"8/4/2016",64
"8/4/2017",48
"8/4/2020",46
"8/4/2021",100
"8/4/2022",6
"8/4/2023",12
"8/5/2015",198
"8/5/2016",19
"8/5/2019",55
"8/5/2020",38
"8/5/2021",31
"8/6/2015",23
"8/6/2018",16
"8/6/2019",32
"8/6/2020",69
"8/7/2017",25
"8/7/2018",31
"8/7/2019",25
"8/7/2020",67
"8/7/2023",35
"8/8/2016",19
"8/8/2017",97
"8/8/2018",56
"8/8/2019",53
"8/8/2023",83
"8/9/2016",124
"8/9/2017",54
"8/9/2018",28
"8/9/2019",23
"8/9/2022",72
"8/9/2023",18
"9/1/2015",38
"9/1/2020",77
"9/1/2023",1
"9/10/2015",166
"9/10/2018",46
"9/10/2019",226
"9/10/2020",94
"9/10/2021",75
"9/11/2017",75
"9/11/2018",51
"9/11/2019",220
"9/11/2020",56
"9/12/2016",31
"9/12/2017",157
"9/12/2018",167
"9/12/2019",107
"9/12/2023",106
"9/13/2016",30
"9/13/2017",67
"9/13/2018",50
"9/13/2019",115
"9/13/2021",40
"9/13/2022",58
"9/13/2023",50
"9/14/2016",79
"9/14/2017",26
"9/14/2018",24
"9/14/2020",18
"9/14/2021",3
"9/14/2022",117
"9/15/2015",82
"9/15/2016",61
"9/15/2017",8
"9/15/2020",51
"9/15/2021",81
"9/15/2022",42
"9/16/2015",62
"9/16/2016",34
"9/16/2019",103
"9/16/2020",99
"9/16/2021",25
"9/17/2015",22
"9/17/2018",35
"9/17/2019",189
"9/17/2020",81
"9/17/2021",28
"9/18/2017",22
"9/18/2018",81
"9/18/2019",72
"9/18/2020",1
"9/18/2023",35
"9/19/2016",28
"9/19/2017",55
"9/19/2018",74
"9/19/2019",126
"9/19/2022",24
"9/19/2023",34
"9/2/2015",83
"9/20/2016",70
"9/20/2017",29
"9/20/2018",84
"9/20/2019",88
"9/20/2022",24
"9/20/2023",60
"9/21/2016",121
"9/21/2017",50
"9/21/2018",47
"9/21/2020",46
"9/21/2021",119
"9/21/2022",133
"9/21/2023",84
"9/22/2015",103
"9/22/2020",56
"9/22/2021",9
"9/23/2015",40
"9/23/2016",44
"9/23/2019",31
"9/23/2020",62
"9/23/2021",28
"9/24/2015",53
"9/24/2018",46
"9/24/2019",80
"9/24/2020",74
"9/24/2021",23
"9/25/2015",44
"9/25/2017",67
"9/25/2018",222
"9/25/2019",47
"9/25/2020",31
"9/25/2023",18
"9/26/2017",11
"9/26/2018",50
"9/26/2019",64
"9/26/2022",39
"9/26/2023",40
"9/27/2016",165
"9/27/2017",76
"9/27/2018",92
"9/27/2019",79
"9/27/2021",23
"9/27/2022",96
"9/27/2023",3
"9/28/2015",22
"9/28/2016",30
"9/28/2018",23
"9/28/2020",1
"9/28/2021",101
"9/28/2022",64
"9/28/2023",19
"9/29/2015",27
"9/29/2020",84
"9/29/2021",48
"9/29/2022",31
"9/29/2023",9
"9/3/2019",136
"9/3/2020",54
"9/3/2021",39
"9/30/2015",82
"9/30/2019",42
"9/30/2020",62
"9/4/2018",26
"9/4/2019",151
"9/4/2020",44
"9/5/2017",97
"9/5/2018",25
"9/5/2019",200
"9/6/2016",25
"9/6/2017",142
"9/6/2018",57
"9/6/2019",31
"9/6/2022",55
"9/6/2023",25
"9/7/2016",140
"9/7/2017",35
"9/7/2018",46
"9/7/2021",15
"9/8/2015",20
"9/8/2016",54
"9/8/2017",66
"9/8/2020",23
"9/8/2021",102
"9/8/2022",72
"9/9/2015",111
"9/9/2016",27
"9/9/2019",122
"9/9/2020",79
"9/9/2021",66
"9/9/2022",22
