"TrackNum3_WellCode","n"
"0810775",1
"1000073",1
"1000154",1
"1000165",1
"1000170",1
"1000193",1
"1000200",1
"1000297",1
"1000410",1
"1000413",1
"1000414",1
"1000487",1
"1000496",1
"1000619",1
"1000672",1
"1001067",1
"1100035",1
"1100044",1
"1100387",1
"1100709",1
"1100725",1
"1100727",1
"1100741",1
"1100744",1
"1100745",1
"1100748",1
"1100839",1
"1100840",1
"1100848",1
"1100854",1
"1100864",1
"1100867",1
"1100880",1
"1100932",1
"1101232",1
"1101396",1
"1101454",1
"1101456",1
"1101478",1
"1101542",1
"1101582",1
"1101799",1
"1101830",1
"1200065",1
"1200151",1
"1200178",1
"1200419",1
"1200425",1
"1200427",1
"1200433",1
"1200451",1
"1200455",1
"1200463",1
"1200467",1
"1200477",1
"1200479",1
"1200605",1
"1200609",1
"1200625",1
"1200632",1
"1200672",1
"1200732",1
"1200867",1
"1200971",1
"1201062",1
"1201117",1
"1201192",1
"1201220",1
"1201311",1
"1201343",1
"1201488",1
"120429",1
"1300054",1
"1300058",1
"1300105",1
"1300127",1
"1300138",1
"1300174",1
"1300187",1
"1300245",1
"1300252",1
"1300260",1
"1300266",1
"1300268",1
"1300276",1
"1300280",1
"1300284",1
"1300297",1
"1300318",1
"1300342",1
"1300358",1
"1300365",1
"1300368",1
"1300374",1
"1300393",1
"1300412",1
"1300424",1
"1300551",1
"1300627",1
"1300648",1
"1300651",1
"1300667",1
"1300731",1
"1300744",1
"1300797",1
"1300917",1
"1300925",1
"1300933",1
"1300934",1
"1300937",1
"1300942",1
"1300964",1
"1300965",1
"1300971",1
"1300975",1
"1301000",1
"1301385",1
"1301394",1
"1301397",1
"1301407",1
"1301430",1
"1301442",1
"1301458",1
"1301459",1
"1301487",1
"1301488",1
"1301489",1
"1301490",1
"1301491",1
"1301499",1
"1301575",1
"1301611",1
"1301613",1
"1301634",1
"1301642",1
"1301644",1
"1301646",1
"1301657",1
"1301676",1
"1301703",1
"1301705",1
"1301706",1
"1301708",1
"1301709",1
"1301713",1
"1301737",1
"1301745",1
"1301746",1
"1301751",1
"1301763",1
"1301770",1
"1301787",1
"1301800",1
"1301822",1
"1301828",1
"1400000",1
"1400001",1
"1400008",1
"1400012",1
"1400016",1
"1400017",1
"1400019",1
"1400023",1
"1400024",1
"1400025",1
"1400026",1
"1400030",1
"1400037",1
"1400039",1
"1400043",1
"1400054",1
"1400061",1
"1400063",1
"1400064",1
"1400069",1
"1400074",1
"1400076",1
"1400096",1
"1400100",1
"1400103",1
"1400104",1
"1400116",1
"1400125",1
"1400139",1
"1400146",1
"1400155",1
"1400158",1
"1400159",1
"1400164",1
"1400165",1
"1400167",1
"1400179",1
"1400184",1
"1400199",1
"1400204",1
"1400207",1
"1400211",1
"1400229",1
"1400233",1
"1400243",1
"1400245",1
"1400250",1
"1400252",1
"1400253",1
"1400260",1
"1400261",1
"1400262",1
"1400264",1
"1400267",1
"1400272",1
"1400276",1
"1400285",1
"1400293",1
"1400294",1
"1400297",1
"1400299",1
"1400300",1
"1400301",1
"1400304",1
"1400309",1
"1400319",1
"1400327",1
"1400328",1
"1400331",1
"1400334",1
"1400335",1
"1400336",1
"1400349",1
"1400350",1
"1400352",1
"1400359",1
"1400368",1
"1400379",1
"1400381",1
"1400421",1
"1400432",1
"1400438",1
"1400440",1
"1400442",1
"1400466",1
"1400470",1
"1400473",1
"1400477",1
"1400482",1
"1400487",1
"1400507",1
"1400511",1
"1400515",1
"1400523",1
"1400527",1
"1400533",1
"1400537",1
"1400544",1
"1400548",1
"1400549",1
"1400562",1
"1400565",1
"1400568",1
"1400569",1
"1400570",1
"1400571",1
"1400573",1
"1400576",1
"1400593",1
"1400601",1
"1400602",1
"1400604",1
"1400605",1
"1400652",1
"1400689",1
"1400692",1
"1400693",1
"1400700",1
"1400708",1
"1400712",1
"1400713",1
"1400714",1
"1400717",1
"1400721",1
"1400724",1
"1400725",1
"1400726",1
"1400732",1
"1400736",1
"1400737",1
"1400740",1
"1400742",1
"1400745",1
"1400746",1
"1400748",1
"1400749",1
"1400750",1
"1400753",1
"1400754",1
"1400760",1
"1400761",1
"1400762",1
"1400763",1
"1400764",1
"1400766",1
"1400767",1
"1400768",1
"1400770",1
"1400771",1
"1400773",1
"1400775",1
"1400779",1
"1400781",1
"1400783",1
"1400785",1
"1400786",1
"1400787",1
"1400789",1
"1400790",1
"1400794",1
"1400796",1
"1400798",1
"1400799",1
"1400800",1
"1400801",1
"1400802",1
"1400804",1
"1400807",1
"1400808",1
"1400809",1
"1400811",1
"1400812",1
"1400814",1
"1400817",1
"1400818",1
"1400823",1
"1400824",1
"1400825",1
"1400826",1
"1400827",1
"1400828",1
"1400830",1
"1400834",1
"1400835",1
"1400839",1
"1400841",1
"1400843",1
"1400844",1
"1400845",1
"1400851",1
"1400853",1
"1400854",1
"1400856",1
"1400857",1
"1400858",1
"1400859",1
"1400860",1
"1400861",1
"1400864",1
"1400865",1
"1400867",1
"1400868",1
"1400871",1
"1400872",1
"1400876",1
"1400877",1
"1400879",1
"1400880",1
"1400881",1
"1400882",1
"1400883",1
"1400885",1
"1400887",1
"1400888",1
"1400890",1
"1400892",1
"1400893",1
"1400895",1
"1400896",1
"1400897",1
"1400899",1
"1400902",1
"1400903",1
"1400904",1
"1400906",1
"1400907",1
"1400908",1
"1400910",1
"1400912",1
"1400921",1
"1400923",1
"1400933",1
"1400934",1
"1400938",1
"1400942",1
"1400948",1
"1400960",1
"1400962",1
"1400965",1
"1400969",1
"1400970",1
"1400973",1
"1400974",1
"1400979",1
"1400980",1
"1400981",1
"1400983",1
"1400986",1
"1400988",1
"1400989",1
"1400990",1
"1400991",1
"1400998",1
"1401000",1
"1500000",1
"1500002",1
"1500005",1
"1500006",1
"1500007",1
"1500009",1
"1500013",1
"1500014",1
"1500015",1
"1500019",1
"1500020",1
"1500022",1
"1500027",1
"1500032",1
"1500034",1
"1500037",1
"1500038",1
"1500039",1
"1500040",1
"1500041",1
"1500042",1
"1500044",1
"1500045",1
"1500047",1
"1500049",1
"1500050",1
"1500051",1
"1500053",1
"1500056",1
"1500059",1
"1500063",1
"1500066",1
"1500067",1
"1500071",1
"1500073",1
"1500075",1
"1500078",1
"1500080",1
"1500082",1
"1500083",1
"1500088",1
"1500090",1
"1500093",1
"1500094",1
"1500095",1
"1500096",1
"1500099",1
"1500104",1
"1500107",1
"1500108",1
"1500115",1
"1500116",1
"1500119",1
"1500125",1
"1500127",1
"1500130",1
"1500131",1
"1500132",1
"1500134",1
"1500135",1
"1500138",1
"1500142",1
"1500144",1
"1500146",1
"1500147",1
"1500148",1
"1500150",1
"1500152",1
"1500155",1
"1500159",1
"1500163",1
"1500164",1
"1500167",1
"1500169",1
"1500170",1
"1500173",1
"1500174",1
"1500176",1
"1500177",1
"1500181",1
"1500182",1
"1500183",1
"1500184",1
"1500189",1
"1500192",1
"1500193",1
"1500195",1
"1500197",1
"1500198",1
"1500200",1
"1500202",1
"1500204",1
"1500205",1
"1500206",1
"1500209",1
"1500210",1
"1500212",1
"1500213",1
"1500217",1
"1500218",1
"1500220",1
"1500223",1
"1500227",1
"1500233",1
"1500234",1
"1500236",1
"1500237",1
"1500239",1
"1500240",1
"1500243",1
"1500245",1
"1500253",1
"1500258",1
"1500260",1
"1500266",1
"1500268",1
"1500269",1
"1500273",1
"1500275",1
"1500277",1
"1500282",1
"1500284",1
"1500286",1
"1500287",1
"1500288",1
"1500291",1
"1500292",1
"1500297",1
"1500298",1
"1500299",1
"1500300",1
"1500301",1
"1500302",1
"1500304",1
"1500306",1
"1500310",1
"1500313",1
"1500314",1
"1500317",1
"1500318",1
"1500320",1
"1500321",1
"1500323",1
"1500324",1
"1500326",1
"1500327",1
"1500328",1
"1500329",1
"1500330",1
"1500331",1
"1500335",1
"1500336",1
"1500337",1
"1500339",1
"1500340",1
"1500343",1
"1500345",1
"1500347",1
"1500348",1
"1500349",1
"1500350",1
"1500352",1
"1500353",1
"1500355",1
"1500356",1
"1500359",1
"1500360",1
"1500361",1
"1500363",1
"1500364",1
"1500365",1
"1500366",1
"1500369",1
"1500371",1
"1500372",1
"1500373",1
"1500374",1
"1500376",1
"1500379",1
"1500380",1
"1500381",1
"1500382",1
"1500383",1
"1500385",1
"1500386",1
"1500388",1
"1500389",1
"1500390",1
"1500392",1
"1500393",1
"1500394",1
"1500397",1
"1500398",1
"1500399",1
"1500400",1
"1500401",1
"1500403",1
"1500405",1
"1500406",1
"1500408",1
"1500409",1
"1500410",1
"1500411",1
"1500416",1
"1500418",1
"1500421",1
"1500423",1
"1500424",1
"1500425",1
"1500428",1
"1500429",1
"1500433",1
"1500436",1
"1500440",1
"1500441",1
"1500444",1
"1500445",1
"1500446",1
"1500448",1
"1500449",1
"1500450",1
"1500451",1
"1500452",1
"1500453",1
"1500454",1
"1500459",1
"1500464",1
"1500467",1
"1500468",1
"1500473",1
"1500475",1
"1500477",1
"1500478",1
"1500482",1
"1500483",1
"1500486",1
"1500487",1
"1500489",1
"1500490",1
"1500494",1
"1500497",1
"1500500",1
"1500501",1
"1500502",1
"1500505",1
"1500515",1
"1500517",1
"1500518",1
"1500519",1
"1500522",1
"1500523",1
"1500525",1
"1500528",1
"1500532",1
"1500533",1
"1500536",1
"1500543",1
"1500544",1
"1500546",1
"1500548",1
"1500549",1
"1500550",1
"1500553",1
"1500554",1
"1500555",1
"1500563",1
"1500565",1
"1500570",1
"1500571",1
"1500574",1
"1500575",1
"1500576",1
"1500579",1
"1500582",1
"1500584",1
"1500585",1
"1500586",1
"1500587",1
"1500588",1
"1500589",1
"1500591",1
"1500592",1
"1500594",1
"1500595",1
"1500596",1
"1500597",1
"1500598",1
"1500599",1
"1500600",1
"1500601",1
"1500604",1
"1500605",1
"1500606",1
"1500609",1
"1500610",1
"1500612",1
"1500613",1
"1500616",1
"1500619",1
"1500620",1
"1500621",1
"1500622",1
"1500623",1
"1500625",1
"1500627",1
"1500629",1
"1500630",1
"1500631",1
"1500633",1
"1500634",1
"1500639",1
"1500643",1
"1500647",1
"1500651",1
"1500653",1
"1500655",1
"1500656",1
"1500657",1
"1500658",1
"1500661",1
"1500662",1
"1500664",1
"1500665",1
"1500667",1
"1500668",1
"1500669",1
"1500670",1
"1500672",1
"1500674",1
"1500678",1
"1500679",1
"1500680",1
"1500684",1
"1500685",1
"1500687",1
"1500688",1
"1500689",1
"1500691",1
"1500692",1
"1500694",1
"1500696",1
"1500697",1
"1500698",1
"1500700",1
"1500701",1
"1500703",1
"1500704",1
"1500706",1
"1500708",1
"1500710",1
"1500713",1
"1500714",1
"1500715",1
"1500716",1
"1500720",1
"1500724",1
"1500729",1
"1500733",1
"1500736",1
"1500737",1
"1500741",1
"1500745",1
"1500752",1
"1500756",1
"1500760",1
"1500788",1
"1600000",1
"1600001",1
"1600003",1
"1600004",1
"1600005",1
"1600008",1
"1600009",1
"1600011",1
"1600012",1
"1600013",1
"1600016",1
"1600018",1
"1600019",1
"1600022",1
"1600024",1
"1600026",1
"1600028",1
"1600029",1
"1600030",1
"1600033",1
"1600034",1
"1600035",1
"1600036",1
"1600038",1
"1600039",1
"1600041",1
"1600042",1
"1600044",1
"1600045",1
"1600046",1
"1600047",1
"1600049",1
"1600050",1
"1600053",1
"1600054",1
"1600059",1
"1600060",1
"1600061",1
"1600063",1
"1600065",1
"1600066",1
"1600067",1
"1600068",1
"1600069",1
"1600075",1
"1600079",1
"1600080",1
"1600081",1
"1600082",1
"1600083",1
"1600084",1
"1600085",1
"1600087",1
"1600088",1
"1600089",1
"1600092",1
"1600094",1
"1600096",1
"1600098",1
"1600100",1
"1600102",1
"1600103",1
"1600106",1
"1600107",1
"1600110",1
"1600111",1
"1600113",1
"1600114",1
"1600115",1
"1600116",1
"1600118",1
"1600119",1
"1600121",1
"1600122",1
"1600124",1
"1600125",1
"1600126",1
"1600128",1
"1600130",1
"1600131",1
"1600132",1
"1600133",1
"1600134",1
"1600139",1
"1600142",1
"1600144",1
"1600145",1
"1600147",1
"1600149",1
"1600154",1
"1600155",1
"1600156",1
"1600157",1
"1600158",1
"1600163",1
"1600167",1
"1600169",1
"1600171",1
"1600174",1
"1600175",1
"1600177",1
"1600178",1
"1600180",1
"1600182",1
"1600183",1
"1600184",1
"1600186",1
"1600187",1
"1600189",1
"1600190",1
"1600192",1
"1600196",1
"1600198",1
"1600199",1
"1600201",1
"1600202",1
"1600203",1
"1600204",1
"1600205",1
"1600206",1
"1600207",1
"1600208",1
"1600209",1
"1600210",1
"1600211",1
"1600213",1
"1600215",1
"1600216",1
"1600217",1
"1600221",1
"1600224",1
"1600227",1
"1600228",1
"1600229",1
"1600231",1
"1600234",1
"1600238",1
"1600240",1
"1600241",1
"1600245",1
"1600247",1
"1600248",1
"1600249",1
"1600250",1
"1600255",1
"1600256",1
"1600259",1
"1600261",1
"1600262",1
"1600264",1
"1600266",1
"1600271",1
"1600272",1
"1600276",1
"1600279",1
"1600280",1
"1600281",1
"1600283",1
"1600284",1
"1600287",1
"1600288",1
"1600289",1
"1600291",1
"1600292",1
"1600293",1
"1600294",1
"1600295",1
"1600298",1
"1600299",1
"1600300",1
"1600301",1
"1600302",1
"1600304",1
"1600306",1
"1600308",1
"1600309",1
"1600310",1
"1600311",1
"1600314",1
"1600315",1
"1600317",1
"1600319",1
"1600322",1
"1600323",1
"1600325",1
"1600326",1
"1600328",1
"1600329",1
"1600333",1
"1600334",1
"1600338",1
"1600339",1
"1600341",1
"1600343",1
"1600346",1
"1600351",1
"1600353",1
"1600354",1
"1600356",1
"1600358",1
"1600361",1
"1600363",1
"1600364",1
"1600368",1
"1600369",1
"1600373",1
"1600376",1
"1600378",1
"1600380",1
"1600383",1
"1600384",1
"1600385",1
"1600388",1
"1600392",1
"1600393",1
"1600397",1
"1600400",1
"1600401",1
"1600404",1
"1600406",1
"1600408",1
"1600410",1
"1600412",1
"1600413",1
"1600415",1
"1600419",1
"1600422",1
"1600423",1
"1600424",1
"1600425",1
"1600429",1
"1600433",1
"1600435",1
"1600440",1
"1600447",1
"1600449",1
"1600455",1
"1600457",1
"1600460",1
"1600465",1
"1600466",1
"1600469",1
"1600470",1
"1600472",1
"1600476",1
"1600480",1
"1600482",1
"1600483",1
"1600486",1
"1600493",1
"1600500",1
"1600503",1
"1600504",1
"1600506",1
"1600511",1
"1600513",1
"1600516",1
"1600518",1
"1600521",1
"1600523",1
"1600524",1
"1600525",1
"1600527",1
"1600534",1
"1600537",1
"1600538",1
"1600539",1
"1600540",1
"1600543",1
"1600550",1
"1600553",1
"1600558",1
"1600559",1
"1600561",1
"1600562",1
"1600565",1
"1600566",1
"1600569",1
"1600572",1
"1600574",1
"1600575",1
"1600583",1
"1600584",1
"1600585",1
"1600586",1
"1600590",1
"1600593",1
"1600596",1
"1600601",1
"1600603",1
"1600605",1
"1600608",1
"1600609",1
"1600611",1
"1600615",1
"1600616",1
"1600620",1
"1600621",1
"1600622",1
"1600624",1
"1600625",1
"1600626",1
"1600627",1
"1600628",1
"1600629",1
"1600630",1
"1600631",1
"1600633",1
"1600634",1
"1600635",1
"1600636",1
"1600637",1
"1600638",1
"1600641",1
"1600642",1
"1600643",1
"1600646",1
"1600650",1
"1600651",1
"1600654",1
"1600656",1
"1600658",1
"1600661",1
"1600663",1
"1600667",1
"1600668",1
"1600669",1
"1600670",1
"1600671",1
"1600672",1
"1600673",1
"1600674",1
"1600675",1
"1600676",1
"1600678",1
"1600679",1
"1600680",1
"1600681",1
"1600682",1
"1600683",1
"1600684",1
"1600685",1
"1600690",1
"1600693",1
"1600694",1
"1600695",1
"1600697",1
"1600698",1
"1600700",1
"1600703",1
"1600705",1
"1600706",1
"1600707",1
"1600709",1
"1600710",1
"1600711",1
"1600712",1
"1600715",1
"1600717",1
"1600718",1
"1600720",1
"1600721",1
"1600723",1
"1600724",1
"1600726",1
"1600727",1
"1600728",1
"1600732",1
"1600733",1
"1600736",1
"1600737",1
"1600738",1
"1600740",1
"1600741",1
"1600743",1
"1600748",1
"1600750",1
"1600751",1
"1600754",1
"1600756",1
"1600758",1
"1600762",1
"1600766",1
"1600767",1
"1600768",1
"1600772",1
"1600774",1
"1600775",1
"1600776",1
"1600777",1
"1600780",1
"1600782",1
"1600784",1
"1600785",1
"1600786",1
"1600787",1
"1600789",1
"1600791",1
"1600795",1
"1600796",1
"1600797",1
"1600798",1
"1600800",1
"1600802",1
"1600804",1
"1600805",1
"1600806",1
"1600808",1
"1600809",1
"1600810",1
"1600815",1
"1600820",1
"1600822",1
"1600832",1
"1600834",1
"1600835",1
"1600839",1
"1600843",1
"1600845",1
"1600847",1
"1600850",1
"1600851",1
"1600858",1
"1600863",1
"1600871",1
"1600874",1
"1600875",1
"1600880",1
"1600881",1
"1600882",1
"1600883",1
"1600890",1
"1600892",1
"1600894",1
"1600895",1
"1600896",1
"1600903",1
"1600910",1
"1600911",1
"1600912",1
"1600913",1
"1600916",1
"1600918",1
"1600919",1
"1600920",1
"1600921",1
"1600923",1
"1600924",1
"1600926",1
"1600929",1
"1600930",1
"1600931",1
"1600933",1
"1600934",1
"1600935",1
"1600939",1
"1600940",1
"1600941",1
"1600943",1
"1600945",1
"1600949",1
"1600957",1
"1600959",1
"1600962",1
"1600963",1
"1600964",1
"1600965",1
"1600972",1
"1600973",1
"1600974",1
"1600979",1
"1600981",1
"1600983",1
"1600985",1
"1600986",1
"1600987",1
"1600988",1
"1600992",1
"1600994",1
"1600996",1
"1600998",1
"1601000",1
"1601002",1
"1601004",1
"1601006",1
"1601007",1
"1601008",1
"1601009",1
"1601012",1
"1601013",1
"1601014",1
"1601015",1
"1601016",1
"1601018",1
"1601021",1
"1601027",1
"1601029",1
"1601030",1
"1601033",1
"1601034",1
"1601035",1
"1601037",1
"1601038",1
"1601039",1
"1601043",1
"1601046",1
"1601047",1
"1601049",1
"1601050",1
"1601053",1
"1601054",1
"1601056",1
"1601057",1
"1601058",1
"1601059",1
"1601061",1
"1601065",1
"1601066",1
"1601067",1
"1601071",1
"1601074",1
"1601077",1
"1601079",1
"1601080",1
"1601083",1
"1601085",1
"1601086",1
"1601090",1
"1601091",1
"1601096",1
"1601105",1
"1601107",1
"1601110",1
"1601111",1
"1601113",1
"1601114",1
"1601115",1
"1601116",1
"1601117",1
"1601119",1
"1601120",1
"1601122",1
"1601123",1
"1601124",1
"1601125",1
"1601128",1
"1601130",1
"1601133",1
"1601135",1
"1601137",1
"1601138",1
"1601139",1
"1601140",1
"1601142",1
"1601143",1
"1601145",1
"1601147",1
"1601148",1
"1601149",1
"1601151",1
"1601153",1
"1601154",1
"1601155",1
"1601156",1
"1601157",1
"1601159",1
"1601160",1
"1601163",1
"1601164",1
"1601165",1
"1601166",1
"1601167",1
"1601171",1
"1601172",1
"1601175",1
"1601176",1
"1601178",1
"1601180",1
"1601183",1
"1601184",1
"1601187",1
"1601188",1
"1601190",1
"1601191",1
"1601193",1
"1601197",1
"1601200",1
"1601202",1
"1601203",1
"1601204",1
"1601205",1
"1601206",1
"1601210",1
"1601212",1
"1601213",1
"1601214",1
"1601215",1
"1601218",1
"1601219",1
"1601222",1
"1601226",1
"1601227",1
"1601228",1
"1601232",1
"1601234",1
"1601235",1
"1601238",1
"1601239",1
"1601240",1
"1601244",1
"1601249",1
"1601252",1
"1601253",1
"1601257",1
"1601258",1
"1601260",1
"1601263",1
"1601267",1
"1601268",1
"1601270",1
"1601271",1
"1601273",1
"1601276",1
"1601279",1
"1601283",1
"1601284",1
"1601287",1
"1601288",1
"1601290",1
"1601293",1
"1601294",1
"1601295",1
"1601299",1
"1601301",1
"1601304",1
"1601305",1
"1601307",1
"1601313",1
"1601316",1
"1601317",1
"1601326",1
"1601327",1
"1601328",1
"1601329",1
"1601331",1
"1601334",1
"1601336",1
"1601338",1
"1601340",1
"1601343",1
"1601344",1
"1601346",1
"1601347",1
"1601349",1
"1601350",1
"1601353",1
"1601354",1
"1601355",1
"1601356",1
"1601357",1
"1601359",1
"1601364",1
"1601366",1
"1601367",1
"1601371",1
"1601375",1
"1601378",1
"1601382",1
"1601383",1
"1601384",1
"1601385",1
"1601387",1
"1601388",1
"1601389",1
"1601391",1
"1601393",1
"1601396",1
"1601398",1
"1601401",1
"1601402",1
"1601403",1
"1601406",1
"1601409",1
"1601411",1
"1601416",1
"1601418",1
"1601420",1
"1601421",1
"1601424",1
"1601426",1
"1601428",1
"1601430",1
"1601431",1
"1601432",1
"1601434",1
"1601435",1
"1601436",1
"1601438",1
"1601439",1
"1601442",1
"1601444",1
"1601445",1
"1601447",1
"1601451",1
"1601454",1
"1601455",1
"1601458",1
"1601460",1
"1601466",1
"1601468",1
"1601470",1
"1601471",1
"1601473",1
"1601474",1
"1601475",1
"1601478",1
"1601479",1
"1601482",1
"1601483",1
"1601484",1
"1601486",1
"1601489",1
"1601494",1
"1601495",1
"1601496",1
"1601497",1
"1601499",1
"1601500",1
"1601504",1
"1601505",1
"1601507",1
"1601508",1
"1601510",1
"1601514",1
"1601515",1
"1601517",1
"1601518",1
"1601519",1
"1601520",1
"1601521",1
"1601522",1
"1601523",1
"1601525",1
"1601526",1
"1601533",1
"1601534",1
"1601535",1
"1601536",1
"1601538",1
"1601539",1
"1601540",1
"1601542",1
"1601544",1
"1601546",1
"1601548",1
"1601550",1
"1601551",1
"1601552",1
"1601555",1
"1601556",1
"1601557",1
"1601558",1
"1601559",1
"1601561",1
"1601564",1
"1601565",1
"1601567",1
"1601569",1
"1601570",1
"1601573",1
"1601574",1
"1601581",1
"1601582",1
"1601583",1
"1601585",1
"1601588",1
"1601589",1
"1601590",1
"1601591",1
"1601592",1
"1601593",1
"1601594",1
"1601595",1
"1601596",1
"1601598",1
"1601599",1
"1601600",1
"1601604",1
"1601605",1
"1601606",1
"1601607",1
"1601608",1
"1601611",1
"1601613",1
"1601614",1
"1601615",1
"1601616",1
"1601617",1
"1601618",1
"1601620",1
"1601621",1
"1601623",1
"1601625",1
"1601627",1
"1601633",1
"1601636",1
"1601637",1
"1601638",1
"1601640",1
"1601643",1
"1601644",1
"1601645",1
"1601646",1
"1601647",1
"1601648",1
"1601649",1
"1601652",1
"1601653",1
"1601654",1
"1601656",1
"1601659",1
"1601660",1
"1601661",1
"1601662",1
"1601665",1
"1601668",1
"1601669",1
"1601670",1
"1601671",1
"1601672",1
"1601673",1
"1601674",1
"1601675",1
"1601678",1
"1601680",1
"1601681",1
"1601682",1
"1601685",1
"1601686",1
"1601687",1
"1601688",1
"1601689",1
"1601690",1
"1601691",1
"1601692",1
"1601694",1
"1601695",1
"1601696",1
"1601697",1
"1601698",1
"1601699",1
"1601700",1
"1601703",1
"1601704",1
"1601707",1
"1601708",1
"1601709",1
"1601710",1
"1601712",1
"1601714",1
"1601715",1
"1601716",1
"1601717",1
"1601718",1
"1601719",1
"1601720",1
"1701001",1
"1701003",1
"1701004",1
"1701006",1
"1701008",1
"1701009",1
"1701011",1
"1701012",1
"1701015",1
"1701016",1
"1701017",1
"1701018",1
"1701019",1
"1701020",1
"1701021",1
"1701024",1
"1701028",1
"1701029",1
"1701030",1
"1701031",1
"1701032",1
"1701033",1
"1701034",1
"1701035",1
"1701036",1
"1701038",1
"1701039",1
"1701040",1
"1701041",1
"1701042",1
"1701045",1
"1701046",1
"1701047",1
"1701048",1
"1701049",1
"1701050",1
"1701051",1
"1701053",1
"1701057",1
"1701060",1
"1701061",1
"1701063",1
"1701064",1
"1701065",1
"1701066",1
"1701069",1
"1701071",1
"1701073",1
"1701074",1
"1701076",1
"1701077",1
"1701078",1
"1701081",1
"1701083",1
"1701086",1
"1701089",1
"1701090",1
"1701094",1
"1701098",1
"1701099",1
"1701101",1
"1701111",1
"1701115",1
"1701116",1
"1701117",1
"1701119",1
"1701120",1
"1701122",1
"1701128",1
"1701130",1
"1701132",1
"1701133",1
"1701134",1
"1701137",1
"1701138",1
"1701139",1
"1701141",1
"1701144",1
"1701145",1
"1701149",1
"1701151",1
"1701154",1
"1701157",1
"1701158",1
"1701160",1
"1701163",1
"1701167",1
"1701168",1
"1701172",1
"1701175",1
"1701176",1
"1701180",1
"1701183",1
"1701184",1
"1701186",1
"1701190",1
"1701191",1
"1701192",1
"1701195",1
"1701199",1
"1701200",1
"1701202",1
"1701203",1
"1701204",1
"1701205",1
"1701206",1
"1701207",1
"1701208",1
"1701209",1
"1701214",1
"1701215",1
"1701220",1
"1701221",1
"1701222",1
"1701223",1
"1701225",1
"1701226",1
"1701227",1
"1701228",1
"1701233",1
"1701239",1
"1701240",1
"1701241",1
"1701245",1
"1701248",1
"1701253",1
"1701256",1
"1701260",1
"1701261",1
"1701265",1
"1701266",1
"1701268",1
"1701269",1
"1701270",1
"1701276",1
"1701277",1
"1701278",1
"1701280",1
"1701281",1
"1701282",1
"1701283",1
"1701285",1
"1701289",1
"1701290",1
"1701294",1
"1701295",1
"1701304",1
"1701306",1
"1701308",1
"1701310",1
"1701319",1
"1701321",1
"1701322",1
"1701323",1
"1701324",1
"1701325",1
"1701327",1
"1701328",1
"1701329",1
"1701330",1
"1701333",1
"1701335",1
"1701336",1
"1701337",1
"1701338",1
"1701339",1
"1701340",1
"1701341",1
"1701342",1
"1701343",1
"1701344",1
"1701345",1
"1701347",1
"1701348",1
"1701349",1
"1701351",1
"1701352",1
"1701353",1
"1701356",1
"1701357",1
"1701360",1
"1701361",1
"1701362",1
"1701363",1
"1701364",1
"1701365",1
"1701366",1
"1701368",1
"1701370",1
"1701371",1
"1701372",1
"1701373",1
"1701374",1
"1701375",1
"1701376",1
"1701377",1
"1701379",1
"1701380",1
"1701381",1
"1701382",1
"1701383",1
"1701384",1
"1701385",1
"1701386",1
"1701388",1
"1701390",1
"1701391",1
"1701392",1
"1701393",1
"1701394",1
"1701395",1
"1701396",1
"1701397",1
"1701398",1
"1701399",1
"1701400",1
"1701402",1
"1701403",1
"1701404",1
"1701407",1
"1701410",1
"1701411",1
"1701413",1
"1701414",1
"1701415",1
"1701417",1
"1701418",1
"1701422",1
"1701424",1
"1701425",1
"1701426",1
"1701428",1
"1701429",1
"1701431",1
"1701432",1
"1701433",1
"1701434",1
"1701436",1
"1701437",1
"1701438",1
"1701441",1
"1701443",1
"1701445",1
"1701446",1
"1701447",1
"1701451",1
"1701453",1
"1701454",1
"1701456",1
"1701457",1
"1701459",1
"1701460",1
"1701461",1
"1701462",1
"1701463",1
"1701465",1
"1701467",1
"1701468",1
"1701470",1
"1701473",1
"1701477",1
"1701479",1
"1701480",1
"1701486",1
"1701491",1
"1701492",1
"1701494",1
"1701495",1
"1701501",1
"1701502",1
"1701504",1
"1701505",1
"1701506",1
"1701507",1
"1701508",1
"1701509",1
"1701510",1
"1701511",1
"1701513",1
"1701514",1
"1701517",1
"1701519",1
"1701520",1
"1701521",1
"1701524",1
"1701525",1
"1701527",1
"1701531",1
"1701533",1
"1701536",1
"1701537",1
"1701538",1
"1701541",1
"1701542",1
"1701543",1
"1701544",1
"1701546",1
"1701547",1
"1701549",1
"1701555",1
"1701557",1
"1701562",1
"1701563",1
"1701565",1
"1701566",1
"1701567",1
"1701571",1
"1701572",1
"1701574",1
"1701575",1
"1701576",1
"1701578",1
"1701579",1
"1701580",1
"1701583",1
"1701585",1
"1701586",1
"1701587",1
"1701590",1
"1701591",1
"1701594",1
"1701595",1
"1701596",1
"1701599",1
"1701601",1
"1701602",1
"1701603",1
"1701604",1
"1701605",1
"1701607",1
"1701608",1
"1701609",1
"1701610",1
"1701611",1
"1701612",1
"1701613",1
"1701614",1
"1701616",1
"1701618",1
"1701626",1
"1701627",1
"1701628",1
"1701629",1
"1701631",1
"1701632",1
"1701633",1
"1701634",1
"1701635",1
"1701636",1
"1701637",1
"1701639",1
"1701640",1
"1701641",1
"1701642",1
"1701644",1
"1701646",1
"1701647",1
"1701648",1
"1701649",1
"1701652",1
"1701653",1
"1701655",1
"1701657",1
"1701662",1
"1701666",1
"1701668",1
"1701669",1
"1701670",1
"1701672",1
"1701673",1
"1701675",1
"1701676",1
"1701679",1
"1701682",1
"1701693",1
"1701694",1
"1701696",1
"1701698",1
"1701701",1
"1701702",1
"1701704",1
"1701707",1
"1701708",1
"1701710",1
"1701712",1
"1701715",1
"1701716",1
"1701718",1
"1701720",1
"1701728",1
"1701730",1
"1701733",1
"1701736",1
"1701737",1
"1701739",1
"1701742",1
"1701744",1
"1701745",1
"1701746",1
"1701747",1
"1701751",1
"1701753",1
"1701755",1
"1701757",1
"1701759",1
"1701762",1
"1701764",1
"1701766",1
"1701767",1
"1701768",1
"1701770",1
"1701772",1
"1701774",1
"1701775",1
"1701782",1
"1701784",1
"1701786",1
"1701789",1
"1701790",1
"1701793",1
"1701794",1
"1701795",1
"1701796",1
"1701797",1
"1701798",1
"1701800",1
"1701802",1
"1701804",1
"1701805",1
"1701808",1
"1701810",1
"1701812",1
"1701813",1
"1701814",1
"1701815",1
"1701818",1
"1701819",1
"1701820",1
"1701821",1
"1701822",1
"1701823",1
"1701824",1
"1701826",1
"1701827",1
"1701828",1
"1701829",1
"1701832",1
"1701833",1
"1701841",1
"1701847",1
"1701849",1
"1701850",1
"1701851",1
"1701852",1
"1701853",1
"1701854",1
"1701855",1
"1701856",1
"1701857",1
"1701858",1
"1701860",1
"1701861",1
"1701862",1
"1701864",1
"1701865",1
"1701866",1
"1701869",1
"1701870",1
"1701873",1
"1701875",1
"1701876",1
"1701878",1
"1701879",1
"1701880",1
"1701882",1
"1701885",1
"1701888",1
"1701889",1
"1701892",2
"1701897",1
"1701901",1
"1701902",1
"1701903",1
"1701904",1
"1701905",1
"1701906",1
"1701907",1
"1701910",1
"1701912",1
"1701913",1
"1701916",1
"1701917",1
"1701919",1
"1701920",1
"1701926",1
"1701937",1
"1701940",1
"1701941",1
"1701943",1
"1701945",1
"1701947",1
"1701949",1
"1701950",1
"1701951",1
"1701956",1
"1701957",1
"1701959",1
"1701965",1
"1701966",1
"1701967",1
"1701969",1
"1701972",1
"1701976",1
"1701980",1
"1701982",1
"1701984",1
"1701989",1
"1701991",1
"1701992",1
"1701993",1
"1701994",1
"1701995",1
"1701996",1
"1701999",1
"1702001",1
"1702002",1
"1702003",1
"1702006",1
"1702007",1
"1702011",1
"1702012",1
"1702015",1
"1702016",1
"1702018",1
"1702020",1
"1702021",1
"1702023",1
"1702024",1
"1702030",1
"1702031",1
"1702032",1
"1702033",1
"1702036",1
"1702037",1
"1702038",1
"1702039",1
"1702040",1
"1702043",1
"1702046",1
"1702047",1
"1702052",1
"1702054",1
"1702055",1
"1702056",1
"1702058",1
"1702059",1
"1702060",1
"1702062",1
"1702063",1
"1702066",1
"1702068",1
"1702069",1
"1702070",1
"1702072",1
"1702073",1
"1702075",1
"1702077",1
"1702078",1
"1702080",1
"1702081",1
"1702083",1
"1702084",1
"1702085",1
"1702086",1
"1702088",1
"1702090",1
"1702091",1
"1702092",1
"1702095",1
"1702098",1
"1702100",1
"1702102",1
"1702104",1
"1702105",1
"1702107",1
"1702108",1
"1702110",1
"1702111",1
"1702113",1
"1702115",1
"1702122",1
"1702123",1
"1702126",1
"1702127",1
"1702129",1
"1702130",1
"1702131",1
"1702133",1
"1702134",1
"1702135",1
"1702141",1
"1702143",1
"1702144",1
"1702146",1
"1702150",1
"1702153",1
"1702154",1
"1702156",1
"1702159",1
"1702162",1
"1702166",1
"1702167",1
"1702169",1
"1702170",1
"1702171",1
"1702172",1
"1702174",1
"1702175",1
"1702177",1
"1702182",1
"1702184",1
"1702185",1
"1702186",1
"1702189",1
"1702191",1
"1702192",1
"1702193",1
"1702195",1
"1702205",1
"1702208",1
"1702211",1
"1702212",1
"1702213",1
"1702215",1
"1702216",1
"1702217",1
"1702218",1
"1702222",1
"1702225",1
"1702226",1
"1702229",1
"1702230",1
"1702232",1
"1702233",1
"1702235",1
"1702236",1
"1702238",1
"1702239",1
"1702241",1
"1702244",1
"1702245",1
"1702246",1
"1702249",1
"1702252",1
"1702254",1
"1702255",1
"1702261",1
"1702265",1
"1702266",1
"1702269",1
"1702270",1
"1702273",1
"1702278",1
"1702280",1
"1702281",1
"1702282",1
"1702287",1
"1702290",1
"1702292",1
"1702293",1
"1702294",1
"1702297",1
"1702298",1
"1702301",1
"1702310",1
"1702313",1
"1702317",1
"1702318",1
"1702319",1
"1702322",1
"1702324",1
"1702325",1
"1702327",1
"1702330",1
"1702331",1
"1702332",1
"1702335",1
"1702337",1
"1702338",1
"1702339",1
"1702340",1
"1702341",1
"1702343",1
"1702347",1
"1702348",1
"1702349",1
"1702350",1
"1702354",1
"1702356",1
"1702361",1
"1702362",1
"1702364",1
"1702366",1
"1702367",1
"1702368",1
"1702372",1
"1702374",1
"1702375",1
"1702377",1
"1702378",1
"1702379",1
"1702382",1
"1702384",1
"1702385",1
"1702389",1
"1702391",1
"1702393",1
"1702394",1
"1702395",1
"1702398",1
"1702399",1
"1702400",1
"1702403",1
"1702409",1
"1702412",1
"1702415",1
"1702422",1
"1702423",1
"1702425",1
"1702431",1
"1702434",1
"1702437",1
"1702438",1
"1702440",1
"1702441",1
"1702446",1
"1702447",1
"1702452",1
"1702453",1
"1702454",1
"1702456",1
"1702457",1
"1702458",1
"1702459",1
"1702460",1
"1702461",1
"1702462",1
"1702463",1
"1702464",1
"1702467",1
"1702471",1
"1702472",1
"1702475",1
"1702479",1
"1710001",1
"1710002",1
"1710003",1
"1710004",1
"1710005",1
"1710006",1
"1710007",1
"1710008",1
"1710009",1
"1710010",1
"1710011",1
"1710012",1
"1710013",1
"1710014",1
"1710015",1
"1710016",1
"1710017",1
"1710018",1
"1710019",1
"1710020",1
"1710021",1
"1710022",1
"1710023",1
"1710024",1
"1710025",1
"1710026",1
"1710027",1
"1710028",1
"1710029",1
"1710030",1
"1710031",1
"1710032",1
"1710033",1
"1710034",1
"1710035",1
"1710036",1
"1710037",1
"1710039",1
"1710040",1
"1710041",1
"1710042",1
"1710043",1
"1710044",1
"1710045",1
"1710046",1
"1710047",1
"1710048",1
"1710049",1
"1710050",1
"1710051",1
"1710052",1
"1710053",1
"1710054",1
"1710055",1
"1710056",1
"1710057",1
"1710058",1
"1710059",1
"1710060",1
"1710061",1
"1710062",1
"1710064",1
"1710065",1
"1710068",1
"1710069",1
"1800003",1
"1800005",1
"1800014",1
"1800016",1
"1800018",1
"1800019",1
"1800021",1
"1800024",1
"1800028",1
"1800029",1
"1800030",1
"1800031",1
"1800035",1
"1800038",1
"1800039",1
"1800040",1
"1800043",1
"1800044",1
"1800046",1
"1800048",1
"1800050",1
"1800054",1
"1800057",1
"1800058",1
"1800059",1
"1800065",1
"1800067",1
"1800068",1
"1800070",1
"1800071",1
"1800073",1
"1800075",1
"1800078",1
"1800079",1
"1800083",1
"1800085",1
"1800088",1
"1800097",1
"1800100",1
"1800101",1
"1800107",1
"1800111",1
"1800113",1
"1800115",1
"1800117",1
"1800118",1
"1800119",1
"1800122",1
"1800124",1
"1800127",1
"1800128",1
"1800130",1
"1800131",1
"1800133",1
"1800135",1
"1800136",1
"1800137",1
"1800141",1
"1800142",1
"1800143",1
"1800145",1
"1800147",1
"1800150",1
"1800151",1
"1800152",1
"1800155",1
"1800156",1
"1800157",1
"1800158",1
"1800159",1
"1800160",1
"1800162",1
"1800163",1
"1800164",1
"1800165",1
"1800167",1
"1800169",1
"1800173",1
"1800175",1
"1800179",1
"1800180",1
"1800181",1
"1800182",1
"1800184",1
"1800186",1
"1800187",1
"1800189",1
"1800191",1
"1800193",1
"1800194",1
"1800195",1
"1800198",1
"1800199",1
"1800200",1
"1800201",1
"1800204",1
"1800206",1
"1800207",1
"1800208",1
"1800209",1
"1800212",1
"1800214",1
"1800216",1
"1800218",1
"1800222",1
"1800223",1
"1800225",1
"1800229",1
"1800232",1
"1800233",1
"1800235",1
"1800238",1
"1800242",1
"1800243",1
"1800245",1
"1800248",1
"1800250",1
"1800252",1
"1800253",1
"1800257",1
"1800258",1
"1800261",1
"1800263",1
"1800266",1
"1800268",1
"1800269",1
"1800270",1
"1800271",1
"1800274",1
"1800281",1
"1800285",1
"1800286",1
"1800287",1
"1800288",1
"1800289",1
"1800290",1
"1800291",1
"1800292",1
"1800293",1
"1800294",1
"1800295",1
"1800297",1
"1800298",1
"1800302",1
"1800303",1
"1800305",1
"1800311",1
"1800312",1
"1800314",1
"1800315",1
"1800316",1
"1800320",1
"1800322",1
"1800325",1
"1800326",1
"1800327",1
"1800330",1
"1800333",1
"1800334",1
"1800336",1
"1800337",1
"1800340",1
"1800341",1
"1800342",1
"1800343",1
"1800345",1
"1800346",1
"1800348",1
"1800349",1
"1800350",1
"1800351",1
"1800356",1
"1800359",1
"1800362",1
"1800365",1
"1800367",1
"1800368",1
"1800370",1
"1800371",1
"1800372",1
"1800373",1
"1800374",1
"1800375",1
"1800378",1
"1800380",1
"1800381",1
"1800383",1
"1800384",1
"1800386",1
"1800387",1
"1800389",1
"1800390",1
"1800391",1
"1800393",1
"1800396",1
"1800403",1
"1800404",1
"1800407",1
"1800411",1
"1800412",1
"1800415",1
"1800417",1
"1800418",1
"1800419",1
"1800420",1
"1800426",1
"1800433",1
"1800435",1
"1800438",1
"1800439",1
"1800445",1
"1800446",1
"1800447",1
"1800449",1
"1800450",1
"1800452",1
"1800453",1
"1800454",1
"1800456",1
"1800458",1
"1800460",1
"1800461",1
"1800464",1
"1800465",1
"1800467",1
"1800471",1
"1800472",1
"1800473",1
"1800474",1
"1800475",1
"1800476",1
"1800477",1
"1800479",1
"1800483",1
"1800487",1
"1800488",1
"1800489",1
"1800495",1
"1800496",1
"1800497",1
"1800498",1
"1800499",1
"1800501",1
"1800502",1
"1800504",1
"1800505",1
"1800509",1
"1800516",1
"1800523",1
"1800524",1
"1800525",1
"1800526",1
"1800527",1
"1800529",1
"1800530",1
"1800533",1
"1800534",1
"1800535",1
"1800536",1
"1800537",1
"1800538",1
"1800539",1
"1800540",1
"1800553",1
"1800554",1
"1800555",1
"1800564",1
"1800566",1
"1800567",1
"1800570",1
"1800572",1
"1800578",1
"1800579",1
"1800580",1
"1800581",1
"1800582",1
"1800583",1
"1800585",1
"1800586",1
"1800588",1
"1800589",1
"1800591",1
"1800593",1
"1800594",1
"1800596",1
"1800597",1
"1800602",1
"1800604",1
"1800605",1
"1800608",1
"1800610",1
"1800611",1
"1800612",1
"1800615",1
"1800616",1
"1800617",1
"1800618",1
"1800620",1
"1800621",1
"1800623",1
"1800624",1
"1800627",1
"1800628",1
"1800629",1
"1800631",1
"1800632",1
"1800634",1
"1800635",1
"1800636",1
"1800638",1
"1800639",1
"1800647",1
"1800651",1
"1800653",1
"1800655",1
"1800657",1
"1800658",1
"1800665",1
"1800668",1
"1800669",1
"1800674",1
"1800680",1
"1800684",1
"1800687",1
"1800689",1
"1800690",1
"1800692",1
"1800693",1
"1800694",1
"1800699",1
"1800700",1
"1800701",1
"1800702",1
"1800703",1
"1800704",1
"1800710",1
"1800714",1
"1800715",1
"1800717",1
"1800718",1
"1800721",1
"1800723",1
"1800724",1
"1800726",1
"1800728",1
"1800729",1
"1800730",1
"1800735",1
"1800737",1
"1800739",1
"1800740",1
"1800742",1
"1800743",1
"1800746",1
"1800747",1
"1800748",1
"1800749",1
"1800751",1
"1800757",1
"1800759",1
"1800763",1
"1800764",1
"1800765",1
"1800769",1
"1800770",1
"1800771",1
"1800772",1
"1800778",1
"1800784",1
"1800787",1
"1800788",1
"1800790",1
"1800791",1
"1800792",1
"1800794",1
"1800798",1
"1800799",1
"1800800",1
"1800802",1
"1800806",1
"1800807",1
"1800809",1
"1800811",1
"1800812",1
"1800813",1
"1800814",1
"1800815",1
"1800818",1
"1800821",1
"1800823",1
"1800824",1
"1800825",1
"1800829",1
"1800830",1
"1800833",1
"1800836",1
"1800837",1
"1800839",1
"1800840",1
"1800841",1
"1800845",1
"1800846",1
"1800847",1
"1800853",1
"1800854",1
"1800859",1
"1800861",1
"1800862",1
"1800863",1
"1800864",1
"1800865",1
"1800867",1
"1800868",1
"1800870",1
"1800871",1
"1800873",1
"1800874",1
"1800878",1
"1800879",1
"1800880",1
"1800881",1
"1800883",1
"1800885",1
"1800887",1
"1800889",1
"1800890",1
"1800895",1
"1800897",1
"1800898",1
"1800899",1
"1800901",1
"1800902",1
"1800904",1
"1800906",1
"1800908",1
"1800910",1
"1800911",1
"1800912",1
"1800914",1
"1800915",1
"1800916",1
"1800922",1
"1800926",1
"1800927",1
"1800928",1
"1800929",1
"1800932",1
"1800936",1
"1800937",1
"1800939",1
"1800941",1
"1800945",1
"1800948",1
"1800949",1
"1800950",1
"1800955",1
"1800959",1
"1800961",1
"1800964",1
"1800965",1
"1800966",1
"1800968",1
"1800969",1
"1800970",1
"1800975",1
"1800976",1
"1800977",1
"1800978",1
"1800980",1
"1800985",1
"1800988",1
"1800993",1
"1800995",1
"1800996",1
"1800997",1
"1800999",1
"1801000",1
"1801001",1
"1801004",1
"1801006",1
"1801007",1
"1801009",1
"1801010",1
"1801012",1
"1801014",1
"1801015",1
"1801016",1
"1801017",1
"1801021",1
"1801025",1
"1801026",1
"1801027",1
"1801028",1
"1801031",1
"1801033",1
"1801039",1
"1801040",1
"1801041",1
"1801042",1
"1801044",1
"1801045",1
"1801046",1
"1801048",1
"1801050",1
"1801051",1
"1801052",1
"1801054",1
"1801055",1
"1801056",1
"1801057",1
"1801058",1
"1801059",1
"1801060",1
"1801064",1
"1801065",1
"1801066",1
"1801067",1
"1801069",1
"1801070",1
"1801071",1
"1801072",1
"1801073",1
"1801074",1
"1801075",1
"1801076",1
"1801080",1
"1801081",1
"1801084",1
"1801085",1
"1801087",1
"1801088",1
"1801090",1
"1801091",1
"1801093",1
"1801094",1
"1801095",1
"1801098",1
"1801099",1
"1801102",1
"1801103",1
"1801104",1
"1801105",1
"1801106",1
"1801108",1
"1801109",1
"1801110",1
"1801111",1
"1801112",1
"1801116",1
"1801119",1
"1801120",1
"1801121",1
"1801124",1
"1801125",1
"1801128",1
"1801130",1
"1801133",1
"1801134",1
"1801135",1
"1801136",1
"1801138",1
"1801139",1
"1801141",1
"1801142",1
"1801143",1
"1801144",1
"1801145",1
"1801146",1
"1801147",1
"1801148",1
"1801150",1
"1801151",1
"1801154",1
"1801156",1
"1801157",1
"1801162",1
"1801163",1
"1801165",1
"1801167",1
"1801168",1
"1801169",1
"1801172",1
"1801175",1
"1801178",1
"1801179",1
"1801180",1
"1801183",1
"1801185",1
"1801188",1
"1801189",1
"1801190",1
"1801191",1
"1801192",1
"1801194",1
"1801198",1
"1801199",1
"1801200",1
"1801201",1
"1801202",1
"1801205",1
"1801206",1
"1801210",1
"1801211",1
"1801215",1
"1801218",1
"1801220",1
"1801221",1
"1801222",1
"1801224",1
"1801225",1
"1801226",1
"1801227",1
"1801228",1
"1801233",1
"1801234",1
"1801235",1
"1801238",1
"1801241",1
"1801245",1
"1801246",1
"1801249",1
"1801251",1
"1801253",1
"1801255",1
"1801256",1
"1801258",1
"1801264",1
"1801267",1
"1801269",1
"1801270",1
"1801274",1
"1801276",1
"1801278",1
"1801281",1
"1801282",1
"1801288",1
"1801290",1
"1801291",1
"1801295",1
"1801296",1
"1801300",1
"1801302",1
"1801303",1
"1801304",1
"1801305",1
"1801308",1
"1801310",1
"1801311",1
"1801313",1
"1801314",1
"1801315",1
"1801316",1
"1801319",1
"1801321",1
"1801322",1
"1801323",1
"1801324",1
"1801325",1
"1801326",1
"1801327",1
"1801328",1
"1801329",1
"1801330",1
"1801331",1
"1801332",1
"1801333",1
"1801334",1
"1801336",1
"1801337",1
"1801339",1
"1801341",1
"1801342",1
"1801343",1
"1801344",1
"1801345",1
"1801347",1
"1801351",1
"1801355",1
"1801359",1
"1801360",1
"1801362",1
"1801363",1
"1801364",1
"1801365",1
"1801366",1
"1801367",1
"1801368",1
"1801369",1
"1801372",1
"1801373",1
"1801374",1
"1801375",1
"1801376",1
"1801378",1
"1801380",1
"1801381",1
"1801382",1
"1801384",1
"1801388",1
"1801389",1
"1801390",1
"1801392",1
"1801394",1
"1801395",1
"1801396",1
"1801397",1
"1801402",1
"1801403",1
"1801405",1
"1801406",1
"1801407",1
"1801409",1
"1801415",1
"1801416",1
"1801417",1
"1801419",1
"1801421",1
"1801422",1
"1801424",1
"1801425",1
"1801429",1
"1801430",1
"1801431",1
"1801432",1
"1801436",1
"1801437",1
"1801443",1
"1801445",1
"1801448",1
"1801449",1
"1801451",1
"1801453",1
"1801454",1
"1801455",1
"1801457",1
"1801458",1
"1801459",1
"1801460",1
"1801462",1
"1801463",1
"1801464",1
"1801472",1
"1801479",1
"1801481",1
"1801490",1
"1801492",1
"1801497",1
"1801499",1
"1801500",1
"1801501",1
"1801503",1
"1801507",1
"1801508",1
"1801511",1
"1801512",1
"1801514",1
"1801515",1
"1900001",1
"1900002",1
"1900004",1
"1900006",1
"1900009",1
"1900012",1
"1900014",1
"1900021",1
"1900023",1
"1900024",1
"1900026",1
"1900028",1
"1900029",1
"1900030",1
"1900034",1
"1900035",1
"1900037",1
"1900038",1
"1900039",1
"1900042",1
"1900044",1
"1900045",1
"1900047",1
"1900052",1
"1900055",1
"1900056",1
"1900057",1
"1900058",1
"1900059",1
"1900061",1
"1900062",1
"1900063",1
"1900066",1
"1900067",1
"1900068",1
"1900069",1
"1900070",1
"1900072",1
"1900076",1
"1900078",1
"1900083",1
"1900084",1
"1900085",1
"1900086",1
"1900088",1
"1900092",1
"1900094",1
"1900097",1
"1900100",1
"1900102",1
"1900103",1
"1900107",1
"1900110",1
"1900111",1
"1900117",1
"1900120",1
"1900121",1
"1900127",1
"1900128",1
"1900129",1
"1900130",1
"1900132",1
"1900136",1
"1900137",1
"1900139",1
"1900141",1
"1900142",1
"1900143",1
"1900146",1
"1900148",1
"1900150",1
"1900151",1
"1900152",1
"1900154",1
"1900156",1
"1900158",1
"1900159",1
"1900161",1
"1900163",1
"1900166",1
"1900168",1
"1900171",1
"1900175",1
"1900176",1
"1900179",1
"1900180",1
"1900181",1
"1900183",1
"1900184",1
"1900185",1
"1900189",1
"1900191",1
"1900192",1
"1900194",1
"1900195",1
"1900196",1
"1900199",1
"1900200",1
"1900206",1
"1900208",1
"1900209",1
"1900212",1
"1900215",1
"1900218",1
"1900220",1
"1900221",1
"1900223",1
"1900225",1
"1900227",1
"1900232",1
"1900234",1
"1900237",1
"1900238",1
"1900240",1
"1900243",1
"1900247",1
"1900251",1
"1900258",1
"1900263",1
"1900267",1
"1900271",1
"1900274",1
"1900275",1
"1900280",1
"1900283",1
"1900284",1
"1900286",1
"1900290",1
"1900295",1
"1900298",1
"1900299",1
"1900303",1
"1900306",1
"1900314",1
"1900315",1
"1900316",1
"1900320",1
"1900321",1
"1900324",1
"1900325",1
"1900327",1
"1900328",1
"1900329",1
"1900331",1
"1900332",1
"1900335",1
"1900336",1
"1900338",1
"1900339",1
"1900341",1
"1900343",1
"1900345",1
"1900346",1
"1900347",1
"1900348",1
"1900350",1
"1900352",1
"1900353",1
"1900354",1
"1900355",1
"1900356",1
"1900357",1
"1900366",1
"1900368",1
"1900372",1
"1900373",1
"1900374",1
"1900376",1
"1900378",1
"1900383",1
"1900385",1
"1900386",1
"1900387",1
"1900391",1
"1900392",1
"1900394",1
"1900397",1
"1900399",1
"1900401",1
"1900404",1
"1900406",1
"1900407",1
"1900408",1
"1900409",1
"1900410",1
"1900411",1
"1900413",1
"1900415",1
"1900417",1
"1900420",1
"1900422",1
"1900423",1
"1900426",1
"1900427",1
"1900428",1
"1900430",1
"1900432",1
"1900433",1
"1900436",1
"1900437",1
"1900438",1
"1900439",1
"1900440",1
"1900441",1
"1900442",1
"1900443",1
"1900444",1
"1900446",1
"1900449",1
"1900450",1
"1900451",1
"1900453",1
"1900454",1
"1900455",1
"1900456",1
"1900457",1
"1900459",1
"1900460",1
"1900461",1
"1900462",1
"1900464",1
"1900465",1
"1900466",1
"1900468",1
"1900469",1
"1900470",1
"1900471",1
"1900472",1
"1900473",1
"1900474",1
"1900475",1
"1900478",1
"1900479",1
"1900480",1
"1900481",1
"1900482",1
"1900483",1
"1900484",1
"1900486",1
"1900487",1
"1900488",1
"1900490",1
"1900491",1
"1900492",1
"1900493",1
"1900494",1
"1900497",1
"1900498",1
"1900500",1
"1900502",1
"1900503",1
"1900504",1
"1900505",1
"1900506",1
"1900511",1
"1900512",1
"1900513",1
"1900514",1
"1900515",1
"1900517",1
"1900518",1
"1900522",1
"1900523",1
"1900524",1
"1900527",1
"1900528",1
"1900530",1
"1900532",1
"1900533",1
"1900534",1
"1900535",1
"1900538",1
"1900539",1
"1900540",1
"1900541",1
"1900544",1
"1900546",1
"1900548",1
"1900550",1
"1900551",1
"1900554",1
"1900555",1
"1900558",1
"1900559",1
"1900561",1
"1900563",1
"1900564",1
"1900566",1
"1900567",1
"1900568",1
"1900570",1
"1900571",1
"1900572",1
"1900575",1
"1900576",1
"1900577",1
"1900578",1
"1900579",1
"1900581",1
"1900582",1
"1900583",1
"1900585",1
"1900588",1
"1900591",1
"1900592",1
"1900593",1
"1900594",1
"1900595",1
"1900597",1
"1900601",1
"1900604",1
"1900605",1
"1900606",1
"1900607",1
"1900608",1
"1900609",1
"1900610",1
"1900611",1
"1900612",1
"1900617",1
"1900622",1
"1900623",1
"1900624",1
"1900626",1
"1900627",1
"1900628",1
"1900638",1
"1900640",1
"1900643",1
"1900644",1
"1900648",1
"1900650",1
"1900651",1
"1900652",1
"1900653",1
"1900655",1
"1900656",1
"1900658",1
"1900660",1
"1900661",1
"1900667",1
"1900673",1
"1900675",1
"1900676",1
"1900677",1
"1900682",1
"1900684",1
"1900686",1
"1900687",1
"1900691",1
"1900695",1
"1900696",1
"1900698",1
"1900701",1
"1900705",1
"1900708",1
"1900709",1
"1900712",1
"1900714",1
"1900716",1
"1900718",1
"1900719",1
"1900724",1
"1900725",1
"1900728",1
"1900729",1
"1900730",1
"1900731",1
"1900733",1
"1900735",1
"1900736",1
"1900741",1
"1900747",1
"1900748",1
"1900751",1
"1900752",1
"1900756",1
"1900757",1
"1900759",1
"1900761",1
"1900762",1
"1900763",1
"1900764",1
"1900767",1
"1900768",1
"1900772",1
"1900775",1
"1900781",1
"1900784",1
"1900787",1
"1900789",1
"1900790",1
"1900792",1
"1900793",1
"1900794",1
"1900795",1
"1900798",1
"1900800",1
"1900803",1
"1900804",1
"1900805",1
"1900806",1
"1900807",1
"1900809",1
"1900810",1
"1900811",1
"1900813",1
"1900814",1
"1900817",1
"1900820",1
"1900821",1
"1900824",1
"1900828",1
"1900829",1
"1900830",1
"1900832",1
"1900833",1
"1900834",1
"1900835",1
"1900836",1
"1900838",1
"1900841",1
"1900843",1
"1900844",1
"1900845",1
"1900846",1
"1900848",1
"1900850",1
"1900854",1
"1900855",1
"1900857",1
"1900858",1
"1900860",1
"1900861",1
"1900862",1
"1900864",1
"1900865",1
"1900866",1
"1900867",1
"1900870",1
"1900871",1
"1900872",1
"1900873",1
"1900874",1
"1900875",1
"1900876",1
"1900877",1
"1900879",1
"1900880",1
"1900885",1
"1900886",1
"1900889",1
"1900890",1
"1900892",1
"1900893",1
"1900894",1
"1900895",1
"1900896",1
"1900897",1
"1900898",1
"1900900",1
"1900903",1
"1900904",1
"1900905",1
"1900908",1
"1900910",1
"1900911",1
"1900913",1
"1900915",1
"1900917",1
"1900919",1
"1900920",1
"1900922",1
"1900924",1
"1900925",1
"1900926",1
"1900927",1
"1900928",1
"1900929",1
"1900932",1
"1900936",1
"1900937",1
"1900940",1
"1900941",1
"1900946",1
"1900947",1
"1900951",1
"1900953",1
"1900954",1
"1900955",1
"1900956",1
"1900957",1
"1900958",1
"1900959",1
"1900961",1
"1900963",1
"1900965",1
"1900967",1
"1900969",1
"1900970",1
"1900971",1
"1900974",1
"1900978",1
"1900979",1
"1900980",1
"1900981",1
"1900983",1
"1900985",1
"1900986",1
"1900987",1
"1900988",1
"1900992",1
"1900995",1
"1900998",1
"1900999",1
"1901000",1
"1901001",1
"1901002",1
"1901003",1
"1901004",1
"1901006",1
"1901010",1
"1901011",1
"1901012",1
"1901014",1
"1901015",1
"1901016",1
"1901017",1
"1901019",1
"1901021",1
"1901026",1
"1901028",1
"1901029",1
"1901030",1
"1901034",1
"1901035",1
"1901037",1
"1901040",1
"1901042",1
"1901044",1
"1901046",1
"1901048",1
"1901052",1
"1901063",1
"1901071",1
"1901073",1
"1901074",1
"1901077",1
"1901078",1
"1901080",1
"1901083",1
"1901086",1
"1901087",1
"1901088",1
"1901089",1
"1901091",1
"1901092",1
"1901093",1
"1901094",1
"1901095",1
"1901097",1
"1901098",1
"1901101",1
"1901103",1
"1901104",1
"1901105",1
"1901111",1
"1901112",1
"1901116",1
"1901119",1
"1901121",1
"1901123",1
"1901124",1
"1901125",1
"1901128",1
"1901129",1
"1901130",1
"1901131",1
"1901132",1
"1901134",1
"1901135",1
"1901136",1
"1901137",1
"1901140",1
"1901143",1
"1901150",1
"1901151",1
"1901154",1
"1901156",1
"1901157",1
"1901159",1
"1901160",1
"1901164",1
"1901166",1
"1901167",1
"1901168",1
"1901169",1
"1901170",1
"1901171",1
"1901173",1
"1901175",1
"1901177",1
"1901182",1
"1901183",1
"1901184",1
"1901186",1
"1901187",1
"1901189",1
"1901190",1
"1901191",1
"1901192",1
"1901197",1
"1901198",1
"1901199",1
"1901203",1
"1901205",1
"1901207",1
"1901208",1
"1901209",1
"1901210",1
"1901212",1
"1901213",1
"1901214",1
"1901215",1
"1901216",1
"1901223",1
"1901224",1
"1901230",1
"1901231",1
"1901232",1
"1901233",1
"1901235",1
"1901240",1
"1901241",1
"1901242",1
"1901244",1
"1901248",1
"1901252",1
"1901254",1
"1901255",1
"1901266",1
"1901267",1
"1901272",1
"1901278",1
"1901281",1
"1901284",1
"1901286",1
"1901287",1
"1901288",1
"1901292",1
"1901293",1
"1901296",1
"1901297",1
"1901300",1
"1901304",1
"1901306",1
"1901309",1
"1901311",1
"1901314",1
"1901315",1
"1901318",1
"1901321",1
"1901333",1
"1901337",1
"1901338",1
"1901339",1
"1901343",1
"1901346",1
"1901348",1
"1901351",1
"1901353",1
"1901355",1
"1901357",1
"1901359",1
"1901361",1
"1901362",1
"1901363",1
"1901367",1
"1901370",1
"1901373",1
"1901376",1
"1901377",1
"1901379",1
"1901387",1
"1901389",1
"1901390",1
"1901392",1
"1901394",1
"1901401",1
"1901405",1
"1901406",1
"1901409",1
"1901411",1
"1901416",1
"1901417",1
"1901420",1
"1901424",1
"1901425",1
"1901428",1
"1901431",1
"1901433",1
"1901434",1
"1901436",1
"1901439",1
"1901440",1
"1901442",1
"1901443",1
"1901446",1
"1901447",1
"1901449",1
"1901450",1
"1901451",1
"1901452",1
"1901453",1
"1901454",1
"1901458",1
"1901459",1
"1901460",1
"1901463",1
"1901464",1
"1901465",1
"1901466",1
"1901468",1
"1901469",1
"1901470",1
"1901471",1
"1901472",1
"1901473",1
"1901479",1
"1901481",1
"1901482",1
"1901483",1
"1901486",1
"1901488",1
"1901489",1
"1901490",1
"1901492",1
"1901494",1
"1901495",1
"1901497",1
"1901500",1
"1901502",1
"1901504",1
"1901507",1
"1901508",1
"1901510",1
"1901511",1
"1901512",1
"1901514",1
"1901515",1
"1901518",1
"1901520",1
"1901523",1
"1901524",1
"1901525",1
"1901527",1
"1901529",1
"1901530",1
"1901531",1
"1901532",1
"1901533",1
"1901534",1
"1901535",1
"1901536",1
"1901537",1
"1901538",1
"1901539",1
"1901540",1
"1901541",1
"1901542",1
"1901544",1
"1901546",1
"1901547",1
"1901549",1
"1901550",1
"1901553",1
"1901557",1
"1901559",1
"1901561",1
"1901562",1
"1901563",1
"1901564",1
"1901565",1
"1901566",1
"1901568",1
"1901569",1
"1901570",1
"1901572",1
"1901574",1
"1901575",1
"1901576",1
"1901577",1
"1901579",1
"1901580",1
"1901581",1
"1901582",1
"1901583",1
"1901584",1
"1901585",1
"1901590",1
"1901593",1
"1901595",1
"1901596",1
"1901597",1
"1901602",1
"1901604",1
"1901606",1
"1901609",1
"1901610",1
"1901612",1
"1901615",1
"1901617",1
"1901620",1
"1901622",1
"1901623",1
"1901626",1
"1901628",1
"1901629",1
"1901631",1
"1901633",1
"1901634",1
"1901635",1
"1901639",1
"1901641",1
"1901642",1
"1901645",1
"1901649",1
"1901651",1
"1901652",1
"1901655",1
"1901656",1
"1901658",1
"1901660",1
"1901661",1
"1901662",1
"1901664",1
"1901666",1
"1901667",1
"1901668",1
"1901670",1
"1901672",1
"1901674",1
"1901676",1
"1901680",1
"1901682",1
"1901683",1
"1901684",1
"1901686",1
"1901687",1
"1901688",1
"1901690",1
"1901692",1
"1901693",1
"1901695",1
"1901697",1
"1901698",1
"1901699",1
"1901701",1
"1901702",1
"1901705",1
"1901706",1
"1901707",1
"1901710",1
"1901713",1
"1901714",1
"1901715",1
"1901716",1
"1901719",1
"1901721",1
"1901724",1
"1901725",1
"1901726",1
"1901728",1
"1901729",1
"1901732",1
"1901733",1
"1901735",1
"1901736",1
"1901737",1
"1901739",1
"1901740",1
"1901747",1
"1901748",1
"1901749",1
"1901750",1
"1901751",1
"1901752",1
"1901753",1
"1901754",1
"1901755",1
"1901757",1
"1901758",1
"1901761",1
"1901764",1
"1901767",1
"1901769",1
"1901772",1
"1901773",1
"1901774",1
"1901775",1
"1901780",1
"1901781",1
"1901782",1
"1901783",1
"1901784",1
"1901785",1
"1901786",1
"1901787",1
"1901791",1
"1901793",1
"1901794",1
"1901795",1
"1901796",1
"1901797",1
"1901798",1
"1901800",1
"1901801",1
"1901802",1
"1901804",1
"1901807",1
"1901810",1
"1901811",1
"1901812",1
"1901813",1
"1901814",1
"1901815",1
"1901819",1
"1901820",1
"1901821",1
"1901824",1
"1901825",1
"1901826",1
"1901831",1
"1901832",1
"1901833",1
"1901835",1
"1901836",1
"1901837",1
"1901838",1
"1901839",1
"1901840",1
"1901841",1
"1901842",1
"1901845",1
"1901846",1
"1901847",1
"1901850",1
"1901853",1
"1901854",1
"1901856",1
"1901858",1
"1901860",1
"1901862",1
"1901865",1
"1901866",1
"1901869",1
"1901870",1
"1901874",1
"1901875",1
"1901876",1
"1901878",1
"1901879",1
"1901883",1
"1901886",1
"1901887",1
"1901889",1
"1901893",1
"1901894",1
"1901895",1
"1901897",1
"1901898",1
"1901899",1
"1901901",1
"1901902",1
"1901903",1
"1901906",1
"1901907",1
"1901910",1
"1901911",1
"1901913",1
"1901914",1
"1901919",1
"1901923",1
"1901929",1
"1901930",1
"1901933",1
"1901934",1
"1901938",1
"1901939",1
"1901940",1
"1901941",1
"1901943",1
"1901945",1
"1901948",1
"1901950",1
"1901951",1
"1901952",1
"1901953",1
"1901954",1
"1901957",1
"1901960",1
"1901961",1
"1901963",1
"1901965",1
"1901966",1
"1901972",1
"1901974",1
"1901975",1
"1901977",1
"1901982",1
"1901983",1
"1901984",1
"1901988",1
"1901989",1
"1901990",1
"1901994",1
"1901995",1
"1901996",1
"1901997",1
"1901999",1
"1902069",1
"1902073",1
"1902077",1
"1910046",1
"1910047",1
"1910048",1
"1910049",1
"1910050",1
"1910051",1
"1910052",1
"1910053",1
"1910054",1
"1910057",1
"1910058",1
"1910065",1
"1910066",1
"1910069",1
"1910077",1
"1910115",1
"1910116",1
"1910117",1
"1910118",1
"1910119",1
"1910120",1
"1910121",1
"1910122",1
"1910123",1
"1910124",1
"1910125",1
"1910126",1
"1910127",1
"1910128",1
"1910129",1
"1910130",1
"1910131",1
"1910132",1
"1910133",1
"1910134",1
"2000002",1
"2000006",1
"2000009",1
"2000012",1
"2000013",1
"2000016",1
"2000019",1
"2000021",1
"2000022",1
"2000024",1
"2000027",1
"2000029",1
"2000032",1
"2000037",1
"2000039",1
"2000040",1
"2000041",1
"2000044",1
"2000046",1
"2000047",1
"2000048",1
"2000051",1
"2000052",1
"2000053",1
"2000058",1
"2000061",1
"2000064",1
"2000071",1
"2000072",1
"2000077",1
"2000085",1
"2000086",1
"2000087",1
"2000088",1
"2000090",1
"2000091",1
"2000092",1
"2000094",1
"2000098",1
"2000100",1
"2000103",1
"2000105",1
"2000106",1
"2000107",1
"2000110",1
"2000113",1
"2000114",1
"2000115",1
"2000117",1
"2000120",1
"2000121",1
"2000122",1
"2000123",1
"2000130",1
"2000131",1
"2000133",1
"2000135",1
"2000141",1
"2000143",1
"2000145",1
"2000146",1
"2000147",1
"2000151",1
"2000152",1
"2000153",1
"2000154",1
"2000155",1
"2000162",1
"2000167",1
"2000168",1
"2000169",1
"2000170",1
"2000174",1
"2000175",1
"2000178",1
"2000182",1
"2000184",1
"2000186",1
"2000188",1
"2000189",1
"2000191",1
"2000194",1
"2000195",1
"2000196",1
"2000198",1
"2000199",1
"2000200",1
"2000205",1
"2000206",1
"2000207",1
"2000209",1
"2000210",1
"2000212",1
"2000214",1
"2000218",1
"2000221",1
"2000223",1
"2000226",1
"2000227",1
"2000231",1
"2000232",1
"2000234",1
"2000235",1
"2000236",1
"2000237",1
"2000238",1
"2000244",1
"2000245",1
"2000247",1
"2000248",1
"2000249",1
"2000254",1
"2000256",1
"2000257",1
"2000258",1
"2000261",1
"2000263",1
"2000264",1
"2000266",1
"2000268",1
"2000275",1
"2000276",1
"2000277",1
"2000281",1
"2000285",1
"2000288",1
"2000289",1
"2000292",1
"2000293",1
"2000294",1
"2000297",1
"2000299",1
"2000300",1
"2000301",1
"2000304",1
"2000306",1
"2000308",1
"2000309",1
"2000310",1
"2000312",1
"2000316",1
"2000319",1
"2000324",1
"2000325",1
"2000327",1
"2000329",1
"2000333",1
"2000335",1
"2000336",1
"2000337",1
"2000341",1
"2000342",1
"2000345",1
"2000348",1
"2000352",1
"2000356",1
"2000357",1
"2000359",1
"2000364",1
"2000365",1
"2000366",1
"2000367",1
"2000368",1
"2000372",1
"2000373",1
"2000376",1
"2000377",1
"2000378",1
"2000380",1
"2000381",1
"2000382",1
"2000383",1
"2000385",1
"2000386",1
"2000390",1
"2000392",1
"2000393",1
"2000394",1
"2000397",1
"2000402",1
"2000403",1
"2000407",1
"2000409",1
"2000411",1
"2000413",1
"2000417",1
"2000421",1
"2000422",1
"2000426",1
"2000427",1
"2000430",1
"2000432",1
"2000434",1
"2000435",1
"2000436",1
"2000437",1
"2000438",1
"2000439",1
"2000443",1
"2000445",1
"2000447",1
"2000458",1
"2000459",1
"2000466",1
"2000468",1
"2000469",1
"2000471",1
"2000472",1
"2000473",1
"2000475",1
"2000478",1
"2000479",1
"2000480",1
"2000493",1
"2000508",1
"2000512",1
"2000515",1
"2000516",1
"2000517",1
"2000521",1
"2000525",1
"2000529",1
"2000537",1
"2000541",1
"2000545",1
"2000549",1
"2000557",1
"2000563",1
"2000564",1
"2000566",1
"2000568",1
"2000569",1
"2000570",1
"2000572",1
"2000573",1
"2000575",1
"2000576",1
"2000577",1
"2000578",1
"2000580",1
"2000581",1
"2000585",1
"2000586",1
"2000588",1
"2000589",1
"2000597",1
"2000600",1
"2000601",1
"2000606",1
"2000610",1
"2000613",1
"2000614",1
"2000617",1
"2000618",1
"2000622",1
"2000626",1
"2000628",1
"2000630",1
"2000632",1
"2000637",1
"2000640",1
"2000645",1
"2000646",1
"2000647",1
"2000653",1
"2000654",1
"2000659",1
"2000660",1
"2000666",1
"2000669",1
"2000672",1
"2000673",1
"2000675",1
"2000676",1
"2000681",1
"2000684",1
"2000685",1
"2000686",1
"2000689",1
"2000692",1
"2000694",1
"2000698",1
"2000700",1
"2000707",1
"2000709",1
"2000710",1
"2000711",1
"2000714",1
"2000716",1
"2000717",1
"2000718",1
"2000719",1
"2000720",1
"2000727",1
"2000733",1
"2000736",1
"2000737",1
"2000739",1
"2000741",1
"2000743",1
"2000744",1
"2000745",1
"2000747",1
"2000748",1
"2000750",1
"2000753",1
"2000754",1
"2000755",1
"2000757",1
"2000764",1
"2000765",1
"2000768",1
"2000770",1
"2000776",1
"2000782",1
"2000787",1
"2000788",1
"2000791",1
"2000792",1
"2000797",1
"2000798",1
"2000800",1
"2024-09-27a",1
"2024-09-27b",1
"20240919A",1
"2100004",1
"2100010",1
"2100019",1
"2100020",1
"2100026",1
"2100027",1
"2100030",1
"2100032",1
"2100062",1
"2100064",1
"2100074",1
"2100076",1
"2100078",1
"2100080",1
"2100081",1
"2100084",1
"2100085",1
"2100086",1
"2100090",1
"2100094",1
"2100096",1
"2100097",1
"2100098",1
"2100100",1
"2100104",1
"2100106",1
"2100108",1
"2100111",1
"2100113",1
"2100116",1
"2100119",1
"2100120",1
"2100121",1
"2100123",1
"2100124",1
"2100126",1
"2100127",1
"2100128",1
"2100131",1
"2100132",1
"2100135",1
"2100136",1
"2100138",1
"2100139",1
"2100140",1
"2100141",1
"2100143",1
"2100144",1
"2100145",1
"2100146",1
"2100147",1
"2100148",1
"2100150",1
"2100151",1
"2100152",1
"2100154",1
"2100156",1
"2100157",1
"2100158",1
"2100160",1
"2100202",1
"2100216",1
"2100218",1
"2100221",1
"2100225",1
"2100230",1
"2100231",1
"2100232",1
"2100276",1
"2100279",1
"2100282",1
"2100283",1
"2100285",1
"2100287",1
"2100289",1
"2100291",1
"2100295",1
"2100296",1
"2100302",1
"2100303",1
"2100305",1
"2100309",1
"2100311",1
"2100312",1
"2100315",1
"2100316",1
"2100317",1
"2100319",1
"2100324",1
"2100326",1
"2100332",1
"2100335",1
"2100336",1
"2100338",1
"2100339",1
"2100351",1
"2100352",1
"2100353",1
"2100354",1
"2100355",1
"2100356",1
"2100357",1
"2100360",1
"2100363",1
"2100364",1
"2100365",1
"2100367",1
"2100368",1
"2100369",1
"2100370",1
"2100371",1
"2100373",1
"2100375",1
"2100377",1
"2100378",1
"2100379",1
"2100380",1
"2100382",1
"2100383",1
"2100387",1
"2100390",1
"2100391",1
"2100394",1
"2100395",1
"2100397",1
"2100399",1
"2100401",1
"2100402",1
"2100404",1
"2100405",1
"2100406",1
"2100408",1
"2100412",1
"2100413",1
"2100419",1
"2100420",1
"2100422",1
"2100423",1
"2100424",1
"2100427",1
"2100429",1
"2100430",1
"2100435",1
"2100436",1
"2100446",1
"2100448",1
"2100451",1
"2100455",1
"2100459",1
"2100460",1
"2100463",1
"2100466",1
"2100467",1
"2100478",1
"2100481",1
"2100485",1
"2100486",1
"2100489",1
"2100490",1
"2100491",1
"2100492",1
"2100493",1
"2100494",1
"2100496",1
"2100498",1
"2100499",1
"2100505",1
"2100509",1
"2100511",1
"2100512",1
"2100519",1
"2100521",1
"2100522",1
"2100524",1
"2100526",1
"2100537",1
"2100541",1
"2100544",1
"2100545",1
"2100549",1
"2100553",1
"2100554",1
"2100557",1
"2100562",1
"2100570",1
"2100573",1
"2100576",1
"2100581",1
"2100582",1
"2100585",1
"2100592",1
"2100594",1
"2100597",1
"2100599",1
"2100606",1
"2100609",1
"2100610",1
"2100612",1
"2100615",1
"2100616",1
"2100620",1
"2100621",1
"2100623",1
"2100625",1
"2100629",1
"2100631",1
"2100633",1
"2100634",1
"2100635",1
"2100639",1
"2100640",1
"2100642",1
"2100643",1
"2100646",1
"2100650",1
"2100654",1
"2100655",1
"2100656",1
"2100657",1
"2100658",1
"2100670",1
"2100675",1
"2100683",1
"2100684",1
"2100690",1
"2100702",1
"2100705",1
"2100706",1
"2100716",1
"2100718",1
"2100719",1
"2100720",1
"2100721",1
"2100722",1
"2100723",1
"2100724",1
"2100727",1
"2100729",1
"2100730",1
"2100731",1
"2100750",1
"2100760",1
"2100766",1
"2100773",1
"2100776",1
"2100790",1
"2100792",1
"2100796",1
"2100805",1
"2100806",1
"2100808",1
"2100809",1
"2100811",1
"2100812",1
"2100813",1
"2100814",1
"2100815",1
"2100816",1
"2100817",1
"2100819",1
"2100821",1
"2100823",1
"2100826",1
"2100827",1
"2100830",1
"2100832",1
"2100833",1
"2100835",1
"2100836",1
"2100837",1
"2100838",1
"2100839",1
"2100840",1
"2100841",1
"2100842",1
"2100843",1
"2100844",1
"2100846",1
"2100847",1
"2100848",1
"2100849",1
"2100868",1
"2100873",1
"2100876",1
"2100879",1
"2100881",1
"2100884",1
"2100885",1
"2100886",1
"2100907",1
"2100909",1
"2100911",1
"2100912",1
"2100918",1
"2100922",1
"2100930",1
"2100932",1
"2100933",1
"2100936",1
"2100939",1
"2100944",1
"2100946",1
"2100947",1
"2100954",1
"2100957",1
"2100964",1
"2100969",1
"2100972",1
"2100983",1
"2100986",1
"2100987",1
"2100989",1
"2100991",1
"2100992",1
"2100994",1
"2100996",1
"2100997",1
"2101000",1
"2101001",1
"2101002",1
"2101017",1
"2101026",1
"2110001",1
"2110002",1
"2110003",1
"2110004",1
"2110005",1
"2110006",1
"2110007",1
"2110008",1
"2110009",1
"2110010",1
"2110011",1
"2110012",1
"2200011",1
"2200026",1
"2200043",1
"2200053",1
"2200099",1
"2200101",1
"2200104",1
"2200105",1
"2200109",1
"2200112",1
"2200258",1
"2200263",1
"2200266",1
"2200271",1
"2200275",1
"2200282",1
"2200286",1
"2200287",1
"2200289",1
"2200290",1
"2200293",1
"2200294",1
"2200295",1
"2200296",1
"2200299",1
"2200300",1
"2200303",1
"2200304",1
"2200306",1
"2200318",1
"2200328",1
"2200329",1
"2200341",1
"2200342",1
"2200352",1
"2200357",1
"2200358",1
"2200360",1
"2200361",1
"2200363",1
"2200364",1
"2200366",1
"2200368",1
"2200369",1
"2200371",1
"2200372",1
"2200396",1
"2200398",1
"2200406",1
"2200409",1
"2200418",1
"2200419",1
"2200425",1
"2200432",1
"2200433",1
"2200435",1
"2200441",1
"2200442",1
"2200445",1
"2200448",1
"2200449",1
"2200455",1
"2200456",1
"2200457",1
"2200464",1
"2200466",1
"2200467",1
"2200468",1
"2200472",1
"2200473",1
"2200474",1
"2200477",1
"2200478",1
"2200479",1
"2200480",1
"2200481",1
"2200483",1
"2200485",1
"2200486",1
"2200488",1
"2200489",1
"2200490",1
"2200491",1
"2200492",1
"2200494",1
"2200496",1
"2200501",1
"2200503",1
"2200504",1
"2200507",1
"2200515",1
"2200518",1
"2200519",1
"2200520",1
"2200523",1
"2200529",1
"2200530",1
"2200531",1
"2200532",1
"2200533",1
"2200534",1
"2200535",1
"2200546",1
"2200550",1
"2200560",1
"2200565",1
"2200577",1
"2200579",1
"2200584",1
"2200591",1
"2200592",1
"2200593",1
"2200598",1
"2200602",1
"2200603",1
"2200604",1
"2200605",1
"2200606",1
"2200607",1
"2200608",1
"2200610",1
"2200611",1
"2200614",1
"2200616",1
"2200622",1
"2200623",1
"2200630",1
"2200638",1
"2200640",1
"2200642",1
"2200645",1
"2200647",1
"2200648",1
"2200654",1
"2200655",1
"2200656",1
"2200658",1
"2200659",1
"2200660",1
"2200665",1
"2200677",1
"2200679",1
"2200681",1
"2200683",1
"2200684",1
"2200685",1
"2200686",1
"2200699",1
"2200700",1
"2200701",1
"2200704",1
"2200710",1
"2200711",1
"2200712",1
"2200717",1
"2200721",1
"2200723",1
"2200730",1
"2200736",1
"2200739",1
"2200745",1
"2200757",1
"2200759",1
"2200762",1
"2200768",1
"2200774",1
"2200776",1
"2200786",1
"2200787",1
"2200797",1
"2200798",1
"2200800",1
"2200806",1
"2200807",1
"2200813",1
"2200814",1
"2200816",1
"2200835",1
"2200836",1
"2200839",1
"2200846",1
"2200856",1
"2200857",1
"2200859",1
"2200863",1
"2200867",1
"2200868",1
"2200874",1
"2200877",1
"2200885",1
"2200889",1
"2200890",1
"2200892",1
"2200900",1
"2200907",1
"2200910",1
"2200911",1
"2200920",1
"2200924",1
"2200932",1
"2200934",1
"2200936",1
"2200967",1
"2200971",1
"2200973",1
"2200974",1
"2200976",1
"2200984",1
"2200987",1
"2200988",1
"2200992",1
"2200995",1
"2201001",1
"2201002",1
"2201005",1
"2201011",1
"2201014",1
"2201016",1
"2201018",1
"2201020",1
"2201022",1
"2201024",1
"2201026",1
"2201028",1
"2201032",1
"2201034",1
"2201036",1
"2201041",1
"2201042",1
"2201044",1
"2201045",1
"2201049",1
"2201050",1
"2201061",1
"2201062",1
"2201071",1
"2201074",1
"2201103",1
"2201115",1
"2201116",1
"2201117",1
"2201130",1
"2201131",1
"2201132",1
"2201134",1
"2201137",1
"2201142",1
"2201143",1
"2201145",1
"2201158",1
"2201159",1
"2201160",1
"2201162",1
"2201164",1
"2201165",1
"2201167",1
"2201180",1
"2201181",1
"2201183",1
"2201184",1
"2201195",1
"2201196",1
"2201200",1
"2201202",1
"2201210",1
"2201213",1
"2201215",1
"2201216",1
"2201218",1
"2201222",1
"2201223",1
"2201228",1
"2201232",1
"2201234",1
"2201237",1
"2201238",1
"2201239",1
"2201240",1
"2201245",1
"2201247",1
"2201249",1
"2201250",1
"2201252",1
"2201253",1
"2201255",1
"2201256",1
"2201257",1
"2201258",1
"2201260",1
"2201262",1
"2201263",1
"2201265",1
"2201267",1
"2201270",1
"2201275",1
"2201278",1
"2201284",1
"2201288",1
"2201292",1
"2201295",1
"2201296",1
"2201298",1
"2201299",1
"2201300",1
"2201303",1
"2201304",1
"2201305",1
"2201308",1
"2201311",1
"2201320",1
"2201325",1
"2201327",1
"2201333",1
"2201335",1
"2201337",1
"2201338",1
"2201340",1
"2201341",1
"2201342",1
"2201343",1
"2201346",1
"2201347",1
"2201350",1
"2201352",1
"2201358",1
"2201360",1
"2201361",1
"2201363",1
"2201367",1
"2201372",1
"2201373",1
"2201376",1
"2201379",1
"2201383",1
"2201386",1
"2201387",1
"2201389",1
"2201390",1
"2201392",1
"2201395",1
"2201397",1
"2201401",1
"2201405",1
"2201406",1
"2201407",1
"2201408",1
"2201410",1
"2201414",1
"2201422",1
"2201425",1
"2201428",1
"2201430",1
"2201432",1
"2201434",1
"2201437",1
"2201438",1
"2201439",1
"2201440",1
"2201454",1
"2201462",1
"2201463",1
"2201467",1
"2201468",1
"2201471",1
"2201472",1
"2201473",1
"2201475",1
"2201476",1
"2201477",1
"2201479",1
"2201480",1
"2201481",1
"2201483",1
"2201484",1
"2201485",1
"2201486",1
"2201489",1
"2201494",1
"2201495",1
"2201496",1
"2201503",1
"2201504",1
"2201505",1
"2201510",1
"2201511",1
"2201514",1
"2201515",1
"2201516",1
"2201517",1
"2201520",1
"2201521",1
"2201526",1
"2201533",1
"2201538",1
"2201541",1
"2201542",1
"2201543",1
"2201550",1
"2201552",1
"2201555",1
"2201559",1
"2201564",1
"2201565",1
"2201571",1
"2201572",1
"2201579",1
"2201581",1
"2201587",1
"2201590",1
"2201592",1
"2201598",1
"2201599",1
"2201603",1
"2201604",1
"2201608",1
"2201610",1
"2201611",1
"2201612",1
"2201615",1
"2201622",1
"2201624",1
"2201628",1
"2201635",1
"2201643",1
"2201651",1
"2201652",1
"2201656",1
"2201657",1
"2201659",1
"2201660",1
"2201663",1
"2201664",1
"2201665",1
"2201666",1
"2201667",1
"2201670",1
"2201673",1
"2201674",1
"2201675",1
"2201676",1
"2201681",1
"2201682",1
"2201687",1
"2201692",1
"2201696",1
"2201697",1
"2201698",1
"2201699",1
"2201707",1
"2201711",1
"2201718",1
"2201719",1
"2201721",1
"2201722",1
"2201725",1
"2201728",1
"2201729",1
"2201730",1
"2201735",1
"2201738",1
"2201739",1
"2201742",1
"2201745",1
"2201750",1
"2201753",1
"2201754",1
"2201757",1
"2201761",1
"2201762",1
"2201764",1
"2201767",1
"2201773",1
"2201776",1
"2201785",1
"2201794",1
"2201799",1
"2201805",1
"2201807",1
"2201808",1
"2201813",1
"2201814",1
"2201826",1
"2201828",1
"2201829",1
"2201830",1
"2201835",1
"2201848",1
"2201854",1
"2201855",1
"2201860",1
"2201861",1
"2201863",1
"2201865",1
"2201869",1
"2201879",1
"2201881",1
"2201893",1
"2201895",1
"2201903",1
"2201914",1
"2201915",1
"2201920",1
"2201925",1
"2201940",1
"2201943",1
"2201945",1
"2201949",1
"2201954",1
"2201967",1
"2201968",1
"2201969",1
"2201976",1
"2201983",1
"2201986",1
"2201988",1
"2201990",1
"2201991",1
"2201992",1
"2201995",1
"2201996",1
"2202004",1
"2202005",1
"2202011",1
"2202019",1
"2202021",1
"2202029",1
"2202033",1
"2202035",1
"2202042",1
"2202044",1
"2202051",1
"2202055",1
"2202058",1
"2202061",1
"2202065",1
"2202075",1
"2202077",1
"2202089",1
"2202098",1
"2202104",1
"2202106",1
"2202126",1
"2202127",1
"2202143",1
"2202147",1
"2202216",1
"2202220",1
"220475",1
"220905a",1
"2300001",1
"2300002",1
"2300004",1
"2300005",1
"2300006",1
"2300009",1
"2300011",1
"2300012",1
"2300015",1
"2300020",1
"2300024",1
"2300027",1
"2300037",1
"2300053",1
"2300054",1
"2300055",1
"2300062",1
"2300074",1
"2300082",1
"2300083",1
"2300084",1
"2300099",1
"2300106",1
"2300114",1
"2300115",1
"2300120",1
"2300121",1
"2300125",1
"2300126",1
"2300137",1
"2300141",1
"2300143",1
"2300149",1
"2300153",1
"2300155",1
"2300159",1
"2300225",1
"2300236",1
"2300237",1
"2300238",1
"2300316",1
"2300325",1
"2300334",1
"2300338",1
"2300343",1
"2300349",1
"2300375",1
"2300396",1
"2300400",1
"2300401",1
"2300404",1
"2300414",1
"2300415",1
"2300417",1
"2300422",1
"2300430",1
"2300432",1
"2300444",1
"2300446",1
"2300458",1
"2300461",1
"2300462",1
"2300465",1
"2300473",1
"2300486",1
"2300488",1
"2300492",1
"2300496",1
"2300503",1
"2300504",1
"2300516",1
"2300517",1
"2300542",1
"2300559",1
"2300631",1
"2300685",1
"2300714",1
"230512A",1
"230517a",1
"230517b",1
"230517c",1
