"TrackNum2_primary","n"
"0810775",5
"1000073",9
"1000154",7
"1000165",23
"1000170",22
"1000193",7
"1000200",7
"1000297",32
"1000410",22
"1000413",3
"1000414",3
"1000487",23
"1000496",22
"1000619",27
"1000672",9
"1001067",22
"1100035",24
"1100044",23
"1100387",8
"1100709",22
"1100725",24
"1100727",23
"1100741",20
"1100744",9
"1100745",20
"1100748",23
"1100839",27
"1100840",23
"1100848",13
"1100854",24
"1100864",8
"1100867",25
"1100880",27
"1100932",8
"1101232",23
"1101396",22
"1101454",3
"1101456",3
"1101478",23
"1101542",23
"1101582",8
"1101799",3
"1101830",22
"1200065",28
"1200151",8
"1200178",21
"1200419",3
"1200425",3
"1200427",9
"1200433",28
"1200451",22
"1200455",22
"1200463",22
"1200467",22
"1200477",23
"1200479",24
"1200605",20
"1200609",28
"1200625",24
"1200632",8
"1200672",9
"1200732",9
"1200867",9
"1200971",22
"1201062",24
"1201117",27
"1201192",20
"1201220",6
"1201311",28
"1201343",22
"1201488",23
"120429",24
"1300054",8
"1300058",22
"1300105",22
"1300127",23
"1300138",37
"1300174",23
"1300187",22
"1300245",25
"1300252",9
"1300260",22
"1300266",23
"1300268",28
"1300276",5
"1300280",9
"1300284",24
"1300297",10
"1300318",8
"1300342",24
"1300358",24
"1300365",22
"1300368",22
"1300374",23
"1300393",22
"1300412",25
"1300424",24
"1300551",22
"1300627",13
"1300648",23
"1300651",22
"1300667",1
"1300731",22
"1300744",22
"1300797",10
"1300917",8
"1300925",22
"1300933",22
"1300934",22
"1300937",22
"1300942",22
"1300964",32
"1300965",28
"1300971",23
"1300975",22
"1301000",8
"1301385",8
"1301394",25
"1301397",24
"1301407",8
"1301430",22
"1301442",3
"1301458",3
"1301459",8
"1301487",8
"1301488",8
"1301489",8
"1301490",7
"1301491",6
"1301499",27
"1301575",22
"1301611",22
"1301613",23
"1301634",9
"1301642",14
"1301644",24
"1301646",22
"1301657",22
"1301676",3
"1301703",8
"1301705",3
"1301706",25
"1301708",8
"1301709",8
"1301713",8
"1301737",3
"1301745",22
"1301746",7
"1301751",4
"1301763",22
"1301770",23
"1301787",23
"1301800",3
"1301822",9
"1301828",8
"1400000",26
"1400001",22
"1400008",2
"1400012",4
"1400016",22
"1400017",8
"1400019",22
"1400023",8
"1400024",25
"1400025",22
"1400026",7
"1400030",9
"1400037",22
"1400039",23
"1400043",21
"1400054",9
"1400061",22
"1400063",20
"1400064",23
"1400069",23
"1400074",27
"1400076",8
"1400096",8
"1400100",22
"1400103",22
"1400104",23
"1400116",8
"1400125",10
"1400139",22
"1400146",22
"1400155",3
"1400158",22
"1400159",8
"1400164",22
"1400165",22
"1400167",22
"1400179",22
"1400184",3
"1400199",22
"1400204",22
"1400207",22
"1400211",27
"1400229",28
"1400233",23
"1400243",31
"1400245",8
"1400250",3
"1400252",22
"1400253",3
"1400260",23
"1400261",23
"1400262",3
"1400264",22
"1400267",22
"1400272",3
"1400276",3
"1400285",22
"1400293",9
"1400294",23
"1400297",8
"1400299",8
"1400300",23
"1400301",27
"1400304",8
"1400309",22
"1400319",22
"1400327",8
"1400328",22
"1400331",4
"1400334",23
"1400335",28
"1400336",10
"1400349",8
"1400350",22
"1400352",7
"1400359",28
"1400368",8
"1400379",34
"1400381",27
"1400421",21
"1400432",6
"1400438",8
"1400440",22
"1400442",22
"1400466",22
"1400470",8
"1400473",21
"1400477",8
"1400482",8
"1400487",28
"1400507",22
"1400511",27
"1400515",8
"1400523",8
"1400527",23
"1400533",1
"1400537",28
"1400544",4
"1400548",8
"1400549",8
"1400562",7
"1400565",27
"1400568",27
"1400569",8
"1400570",8
"1400571",22
"1400573",22
"1400576",6
"1400593",27
"1400601",28
"1400602",9
"1400604",23
"1400605",22
"1400652",8
"1400689",28
"1400692",24
"1400693",9
"1400700",19
"1400708",5
"1400712",21
"1400713",11
"1400714",22
"1400717",22
"1400721",22
"1400724",6
"1400725",24
"1400726",22
"1400732",1
"1400736",27
"1400737",13
"1400740",21
"1400742",23
"1400745",22
"1400746",22
"1400748",28
"1400749",24
"1400750",22
"1400753",32
"1400754",27
"1400760",24
"1400761",2
"1400762",27
"1400763",8
"1400764",27
"1400766",18
"1400767",4
"1400768",23
"1400770",10
"1400771",8
"1400773",9
"1400775",3
"1400779",22
"1400781",9
"1400783",22
"1400785",22
"1400786",8
"1400787",27
"1400789",9
"1400790",23
"1400794",20
"1400796",22
"1400798",22
"1400799",8
"1400800",3
"1400801",27
"1400802",30
"1400804",3
"1400807",22
"1400808",22
"1400809",22
"1400811",20
"1400812",24
"1400814",22
"1400817",36
"1400818",22
"1400823",22
"1400824",23
"1400825",9
"1400826",22
"1400827",27
"1400828",22
"1400830",22
"1400834",22
"1400835",28
"1400839",8
"1400841",28
"1400843",28
"1400844",32
"1400845",22
"1400851",7
"1400853",5
"1400854",22
"1400856",24
"1400857",22
"1400858",9
"1400859",22
"1400860",20
"1400861",7
"1400864",17
"1400865",7
"1400867",27
"1400868",8
"1400871",8
"1400872",18
"1400876",6
"1400877",22
"1400879",27
"1400880",22
"1400881",28
"1400882",22
"1400883",22
"1400885",23
"1400887",22
"1400888",20
"1400890",22
"1400892",22
"1400893",22
"1400895",23
"1400896",3
"1400897",20
"1400899",8
"1400902",8
"1400903",22
"1400904",20
"1400906",3
"1400907",27
"1400908",22
"1400910",23
"1400912",8
"1400921",3
"1400923",3
"1400933",22
"1400934",22
"1400938",23
"1400942",22
"1400948",27
"1400960",29
"1400962",27
"1400965",21
"1400969",13
"1400970",5
"1400973",8
"1400974",23
"1400979",8
"1400980",9
"1400981",27
"1400983",8
"1400986",9
"1400988",23
"1400989",22
"1400990",27
"1400991",28
"1400998",22
"1401000",27
"1500000",9
"1500002",15
"1500005",5
"1500006",22
"1500007",22
"1500009",23
"1500013",4
"1500014",2
"1500015",9
"1500019",3
"1500020",23
"1500022",24
"1500027",22
"1500032",3
"1500034",23
"1500037",3
"1500038",8
"1500039",22
"1500040",9
"1500041",8
"1500042",22
"1500044",28
"1500045",22
"1500047",29
"1500049",13
"1500050",3
"1500051",6
"1500053",8
"1500056",8
"1500059",22
"1500063",4
"1500066",1
"1500067",22
"1500071",22
"1500073",22
"1500075",8
"1500078",22
"1500080",3
"1500082",25
"1500083",12
"1500088",3
"1500090",9
"1500093",3
"1500094",6
"1500095",22
"1500096",30
"1500099",8
"1500104",4
"1500107",8
"1500108",27
"1500115",35
"1500116",23
"1500119",22
"1500125",22
"1500127",5
"1500130",6
"1500131",22
"1500132",3
"1500134",6
"1500135",7
"1500138",25
"1500142",8
"1500144",36
"1500146",8
"1500147",19
"1500148",7
"1500150",7
"1500152",22
"1500155",37
"1500159",20
"1500163",22
"1500164",22
"1500167",8
"1500169",6
"1500170",3
"1500173",8
"1500174",22
"1500176",23
"1500177",22
"1500181",23
"1500182",22
"1500183",20
"1500184",22
"1500189",24
"1500192",27
"1500193",23
"1500195",22
"1500197",23
"1500198",22
"1500200",28
"1500202",22
"1500204",8
"1500205",11
"1500206",3
"1500209",8
"1500210",29
"1500212",4
"1500213",14
"1500217",8
"1500218",24
"1500220",22
"1500223",21
"1500227",8
"1500233",6
"1500234",8
"1500236",20
"1500237",7
"1500239",8
"1500240",8
"1500243",8
"1500245",28
"1500253",8
"1500258",3
"1500260",8
"1500266",5
"1500268",8
"1500269",3
"1500273",27
"1500275",23
"1500277",8
"1500282",8
"1500284",8
"1500286",34
"1500287",9
"1500288",6
"1500291",6
"1500292",23
"1500297",8
"1500298",27
"1500299",30
"1500300",9
"1500301",3
"1500302",27
"1500304",5
"1500306",15
"1500310",3
"1500313",8
"1500314",23
"1500317",3
"1500318",13
"1500320",23
"1500321",13
"1500323",6
"1500324",8
"1500326",23
"1500327",8
"1500328",8
"1500329",21
"1500330",24
"1500331",3
"1500335",23
"1500336",22
"1500337",28
"1500339",22
"1500340",3
"1500343",23
"1500345",23
"1500347",8
"1500348",3
"1500349",3
"1500350",3
"1500352",22
"1500353",8
"1500355",3
"1500356",22
"1500359",22
"1500360",3
"1500361",4
"1500363",9
"1500364",8
"1500365",3
"1500366",22
"1500369",29
"1500371",3
"1500372",3
"1500373",7
"1500374",1
"1500376",22
"1500379",22
"1500380",23
"1500381",22
"1500382",22
"1500383",22
"1500385",8
"1500386",22
"1500388",22
"1500389",16
"1500390",29
"1500392",22
"1500393",23
"1500394",22
"1500397",8
"1500398",10
"1500399",9
"1500400",22
"1500401",24
"1500403",8
"1500405",8
"1500406",19
"1500408",8
"1500409",3
"1500410",6
"1500411",3
"1500416",19
"1500418",22
"1500421",24
"1500423",3
"1500424",3
"1500425",8
"1500428",6
"1500429",22
"1500433",23
"1500436",8
"1500440",3
"1500441",22
"1500444",22
"1500445",22
"1500446",28
"1500448",6
"1500449",6
"1500450",8
"1500451",25
"1500452",22
"1500453",22
"1500454",2
"1500459",8
"1500464",3
"1500467",22
"1500468",8
"1500473",19
"1500475",1
"1500477",3
"1500478",8
"1500482",8
"1500483",23
"1500486",3
"1500487",15
"1500489",3
"1500490",9
"1500494",8
"1500497",25
"1500500",8
"1500501",8
"1500502",21
"1500505",27
"1500515",3
"1500517",3
"1500518",23
"1500519",29
"1500522",3
"1500523",19
"1500525",17
"1500528",25
"1500532",8
"1500533",34
"1500536",8
"1500543",22
"1500544",27
"1500546",22
"1500548",22
"1500549",22
"1500550",21
"1500553",14
"1500554",22
"1500555",23
"1500563",23
"1500565",22
"1500570",22
"1500571",2
"1500574",7
"1500575",23
"1500576",22
"1500579",25
"1500582",22
"1500584",22
"1500585",28
"1500586",28
"1500587",22
"1500588",22
"1500589",23
"1500591",23
"1500592",22
"1500595",23
"1500596",23
"1500597",29
"1500598",28
"1500599",27
"1500600",16
"1500601",7
"1500604",22
"1500605",23
"1500606",22
"1500609",23
"1500610",28
"1500612",22
"1500613",7
"1500616",22
"1500619",29
"1500620",10
"1500621",22
"1500622",22
"1500623",23
"1500625",23
"1500627",22
"1500629",23
"1500630",22
"1500631",24
"1500633",20
"1500634",22
"1500639",22
"1500643",22
"1500647",22
"1500651",22
"1500653",22
"1500655",22
"1500656",25
"1500657",22
"1500658",24
"1500661",23
"1500662",24
"1500664",28
"1500665",22
"1500667",3
"1500668",23
"1500669",23
"1500670",22
"1500672",27
"1500674",22
"1500678",22
"1500679",27
"1500680",23
"1500684",22
"1500685",23
"1500687",34
"1500688",25
"1500689",22
"1500691",7
"1500692",22
"1500694",3
"1500696",22
"1500697",27
"1500698",9
"1500700",28
"1500701",22
"1500703",22
"1500704",28
"1500706",22
"1500708",8
"1500710",22
"1500713",22
"1500714",22
"1500715",23
"1500716",22
"1500720",22
"1500724",21
"1500729",9
"1500733",5
"1500736",22
"1500737",7
"1500741",22
"1500745",22
"1500752",22
"1500756",22
"1500760",22
"1500788",22
"1600000",27
"1600001",22
"1600003",3
"1600004",23
"1600005",23
"1600008",8
"1600009",22
"1600011",9
"1600012",22
"1600013",22
"1600016",8
"1600018",25
"1600019",9
"1600022",22
"1600024",22
"1600026",22
"1600028",20
"1600029",22
"1600030",9
"1600033",6
"1600034",31
"1600035",14
"1600036",8
"1600038",28
"1600039",8
"1600041",35
"1600042",17
"1600044",9
"1600045",8
"1600046",22
"1600047",9
"1600049",22
"1600050",8
"1600053",8
"1600054",22
"1600059",22
"1600060",22
"1600061",3
"1600063",13
"1600065",1
"1600066",8
"1600067",22
"1600068",9
"1600069",22
"1600075",26
"1600079",3
"1600080",22
"1600081",3
"1600082",24
"1600083",22
"1600084",23
"1600085",21
"1600087",22
"1600088",28
"1600089",11
"1600092",13
"1600094",27
"1600096",8
"1600098",22
"1600100",22
"1600102",9
"1600106",3
"1600107",27
"1600110",22
"1600111",24
"1600113",8
"1600114",3
"1600115",8
"1600116",1
"1600118",7
"1600119",30
"1600121",9
"1600122",6
"1600124",22
"1600125",22
"1600126",28
"1600128",8
"1600130",3
"1600131",8
"1600132",3
"1600133",22
"1600134",9
"1600139",8
"1600142",6
"1600144",13
"1600145",3
"1600147",22
"1600149",7
"1600154",8
"1600155",24
"1600156",9
"1600157",22
"1600158",7
"1600163",3
"1600167",3
"1600169",27
"1600171",6
"1600174",22
"1600175",1
"1600177",3
"1600178",27
"1600180",9
"1600182",1
"1600183",8
"1600184",21
"1600186",8
"1600187",23
"1600189",22
"1600190",1
"1600192",22
"1600196",23
"1600198",23
"1600199",8
"1600201",22
"1600202",1
"1600203",18
"1600204",22
"1600205",22
"1600206",25
"1600207",12
"1600208",24
"1600209",22
"1600210",25
"1600211",3
"1600213",8
"1600215",18
"1600216",8
"1600217",18
"1600221",8
"1600224",33
"1600227",20
"1600228",22
"1600229",8
"1600231",8
"1600234",9
"1600238",3
"1600240",22
"1600241",24
"1600245",22
"1600247",27
"1600248",6
"1600249",22
"1600250",8
"1600255",3
"1600256",20
"1600259",22
"1600261",22
"1600262",28
"1600264",3
"1600266",3
"1600271",24
"1600272",34
"1600276",22
"1600279",8
"1600280",25
"1600281",8
"1600283",22
"1600284",22
"1600287",22
"1600288",22
"1600289",22
"1600291",22
"1600292",22
"1600293",20
"1600294",22
"1600295",22
"1600298",3
"1600299",22
"1600300",28
"1600301",22
"1600302",25
"1600304",3
"1600306",4
"1600308",22
"1600309",27
"1600310",23
"1600311",22
"1600314",22
"1600315",23
"1600317",22
"1600319",22
"1600322",22
"1600323",22
"1600325",8
"1600326",22
"1600328",22
"1600329",24
"1600333",17
"1600334",22
"1600338",23
"1600339",5
"1600341",18
"1600343",20
"1600346",22
"1600351",34
"1600353",17
"1600354",9
"1600356",5
"1600358",22
"1600361",8
"1600363",3
"1600364",22
"1600368",22
"1600369",5
"1600373",5
"1600376",22
"1600378",27
"1600380",23
"1600383",1
"1600384",22
"1600385",3
"1600388",22
"1600392",22
"1600393",22
"1600397",22
"1600400",36
"1600401",8
"1600404",8
"1600406",28
"1600408",8
"1600410",22
"1600412",3
"1600413",23
"1600415",3
"1600419",23
"1600422",8
"1600423",3
"1600424",8
"1600425",3
"1600429",22
"1600433",24
"1600435",8
"1600440",8
"1600447",22
"1600449",22
"1600455",8
"1600457",22
"1600460",22
"1600465",22
"1600466",3
"1600469",22
"1600470",3
"1600472",22
"1600476",27
"1600480",3
"1600482",6
"1600483",2
"1600486",6
"1600493",34
"1600500",6
"1600503",22
"1600504",31
"1600506",2
"1600511",28
"1600513",22
"1600516",23
"1600518",6
"1600521",3
"1600523",27
"1600524",27
"1600525",22
"1600527",6
"1600534",22
"1600537",3
"1600538",6
"1600539",22
"1600540",22
"1600543",20
"1600550",20
"1600553",6
"1600558",32
"1600559",22
"1600561",4
"1600562",25
"1600565",27
"1600566",3
"1600569",22
"1600572",8
"1600574",24
"1600575",8
"1600583",27
"1600584",28
"1600585",8
"1600586",2
"1600590",3
"1600593",22
"1600596",29
"1600601",23
"1600603",27
"1600605",13
"1600608",23
"1600609",9
"1600611",3
"1600615",8
"1600616",8
"1600620",23
"1600621",27
"1600622",22
"1600624",3
"1600625",13
"1600626",8
"1600627",8
"1600628",23
"1600629",27
"1600630",22
"1600631",1
"1600633",8
"1600634",3
"1600635",22
"1600636",8
"1600637",23
"1600638",3
"1600641",22
"1600642",23
"1600643",23
"1600646",6
"1600650",22
"1600651",22
"1600654",8
"1600656",3
"1600658",8
"1600661",8
"1600663",18
"1600667",10
"1600668",22
"1600669",9
"1600670",8
"1600671",8
"1600672",2
"1600673",23
"1600674",4
"1600675",6
"1600676",19
"1600678",3
"1600679",8
"1600680",23
"1600681",4
"1600682",22
"1600683",20
"1600684",8
"1600685",30
"1600690",4
"1600693",22
"1600694",9
"1600695",21
"1600697",22
"1600698",22
"1600700",8
"1600703",6
"1600705",23
"1600706",3
"1600707",24
"1600709",8
"1600710",22
"1600711",19
"1600712",26
"1600715",25
"1600717",8
"1600718",24
"1600720",23
"1600721",20
"1600723",22
"1600724",8
"1600726",8
"1600727",23
"1600728",23
"1600732",9
"1600733",11
"1600736",22
"1600737",8
"1600738",23
"1600740",30
"1600741",23
"1600743",24
"1600748",9
"1600750",22
"1600751",22
"1600754",23
"1600756",24
"1600758",22
"1600762",32
"1600766",36
"1600767",3
"1600768",22
"1600772",22
"1600774",20
"1600775",8
"1600776",1
"1600777",27
"1600780",1
"1600782",22
"1600784",21
"1600785",23
"1600786",28
"1600787",23
"1600789",9
"1600791",27
"1600795",23
"1600796",8
"1600797",27
"1600798",22
"1600800",28
"1600802",23
"1600804",34
"1600805",30
"1600806",1
"1600808",23
"1600809",22
"1600810",8
"1600815",8
"1600820",27
"1600822",23
"1600832",8
"1600834",9
"1600835",24
"1600839",23
"1600843",22
"1600845",9
"1600847",21
"1600850",3
"1600851",29
"1600858",29
"1600863",4
"1600871",29
"1600874",24
"1600875",3
"1600880",22
"1600881",24
"1600882",4
"1600883",9
"1600890",2
"1600892",22
"1600894",4
"1600895",22
"1600896",22
"1600903",2
"1600910",27
"1600911",22
"1600912",3
"1600913",21
"1600916",24
"1600918",3
"1600919",28
"1600920",28
"1600921",6
"1600923",4
"1600924",3
"1600926",23
"1600929",21
"1600930",8
"1600931",2
"1600933",20
"1600934",5
"1600935",23
"1600939",3
"1600940",9
"1600941",6
"1600943",22
"1600945",20
"1600949",22
"1600957",29
"1600959",3
"1600962",23
"1600963",32
"1600964",8
"1600965",23
"1600972",23
"1600973",22
"1600974",29
"1600979",23
"1600981",31
"1600983",1
"1600985",9
"1600986",9
"1600987",7
"1600988",22
"1600992",1
"1600994",23
"1600996",3
"1600998",22
"1601000",8
"1601002",23
"1601004",22
"1601006",1
"1601007",22
"1601008",13
"1601009",23
"1601012",22
"1601013",8
"1601014",22
"1601015",8
"1601016",22
"1601018",14
"1601021",7
"1601027",7
"1601029",22
"1601030",27
"1601033",23
"1601034",22
"1601035",7
"1601037",7
"1601038",22
"1601039",22
"1601043",28
"1601046",8
"1601047",29
"1601049",22
"1601050",29
"1601053",22
"1601054",22
"1601056",4
"1601057",10
"1601058",20
"1601059",10
"1601061",22
"1601065",9
"1601066",23
"1601067",9
"1601071",24
"1601074",8
"1601077",2
"1601079",25
"1601080",5
"1601083",22
"1601085",6
"1601086",21
"1601090",22
"1601091",23
"1601096",22
"1601105",26
"1601107",23
"1601110",29
"1601111",27
"1601113",23
"1601114",8
"1601115",7
"1601116",22
"1601117",3
"1601119",9
"1601120",22
"1601122",28
"1601123",27
"1601124",22
"1601125",24
"1601128",27
"1601130",22
"1601133",12
"1601135",23
"1601137",22
"1601138",22
"1601139",5
"1601140",23
"1601142",22
"1601143",9
"1601145",29
"1601147",29
"1601148",22
"1601149",28
"1601151",20
"1601153",19
"1601154",4
"1601155",6
"1601156",10
"1601157",22
"1601159",1
"1601160",4
"1601163",20
"1601164",22
"1601165",24
"1601166",25
"1601167",8
"1601171",31
"1601172",24
"1601175",3
"1601176",22
"1601178",2
"1601180",22
"1601183",22
"1601184",22
"1601187",28
"1601188",22
"1601190",22
"1601191",23
"1601193",23
"1601197",23
"1601200",8
"1601202",8
"1601203",23
"1601204",7
"1601205",22
"1601206",22
"1601210",20
"1601212",15
"1601213",21
"1601214",22
"1601215",8
"1601218",25
"1601219",27
"1601222",23
"1601226",23
"1601227",34
"1601228",22
"1601232",22
"1601234",22
"1601235",22
"1601238",23
"1601239",3
"1601240",5
"1601244",23
"1601249",23
"1601252",23
"1601253",6
"1601257",23
"1601258",20
"1601260",23
"1601263",23
"1601267",3
"1601268",8
"1601270",3
"1601271",27
"1601273",1
"1601276",10
"1601279",22
"1601283",8
"1601284",28
"1601287",25
"1601288",5
"1601290",9
"1601293",9
"1601294",8
"1601295",3
"1601299",9
"1601301",28
"1601304",28
"1601305",22
"1601307",20
"1601313",8
"1601316",21
"1601317",22
"1601326",22
"1601327",21
"1601328",9
"1601329",10
"1601331",10
"1601334",22
"1601336",23
"1601338",5
"1601340",24
"1601343",9
"1601344",4
"1601346",11
"1601347",3
"1601349",6
"1601350",5
"1601353",8
"1601354",2
"1601355",31
"1601356",3
"1601357",25
"1601359",7
"1601364",22
"1601366",23
"1601367",8
"1601371",3
"1601375",27
"1601378",23
"1601382",23
"1601383",22
"1601384",22
"1601385",23
"1601387",8
"1601388",23
"1601389",24
"1601391",21
"1601393",14
"1601396",8
"1601398",22
"1601401",8
"1601402",21
"1601403",3
"1601406",21
"1601409",28
"1601411",22
"1601416",1
"1601418",8
"1601420",22
"1601421",20
"1601424",23
"1601426",5
"1601428",2
"1601430",22
"1601431",2
"1601432",10
"1601434",27
"1601435",20
"1601436",9
"1601438",22
"1601439",22
"1601442",22
"1601444",3
"1601445",21
"1601447",8
"1601451",22
"1601454",22
"1601455",8
"1601458",22
"1601460",20
"1601466",22
"1601468",1
"1601470",8
"1601471",22
"1601473",28
"1601474",22
"1601475",22
"1601478",22
"1601479",22
"1601482",13
"1601483",22
"1601484",10
"1601486",21
"1601489",8
"1601494",29
"1601495",25
"1601496",22
"1601497",22
"1601499",22
"1601500",22
"1601504",26
"1601505",3
"1601507",23
"1601508",22
"1601510",25
"1601514",22
"1601515",1
"1601517",3
"1601518",22
"1601519",1
"1601520",3
"1601521",8
"1601522",22
"1601523",22
"1601525",22
"1601526",23
"1601533",22
"1601534",22
"1601535",23
"1601536",8
"1601538",36
"1601539",23
"1601540",23
"1601542",20
"1601544",3
"1601546",22
"1601548",8
"1601550",22
"1601551",8
"1601552",28
"1601555",23
"1601556",28
"1601557",22
"1601558",22
"1601559",22
"1601561",22
"1601564",27
"1601565",3
"1601567",23
"1601569",3
"1601570",3
"1601573",8
"1601574",8
"1601581",8
"1601582",22
"1601583",8
"1601585",22
"1601588",27
"1601589",8
"1601590",7
"1601591",22
"1601592",22
"1601593",10
"1601594",23
"1601595",23
"1601596",3
"1601598",22
"1601599",22
"1601600",3
"1601604",7
"1601605",23
"1601606",7
"1601607",8
"1601608",22
"1601611",3
"1601613",3
"1601614",27
"1601615",28
"1601616",5
"1601617",8
"1601618",21
"1601620",28
"1601621",22
"1601623",3
"1601625",3
"1601627",8
"1601633",22
"1601636",8
"1601637",9
"1601638",10
"1601640",5
"1601643",22
"1601644",22
"1601645",9
"1601646",6
"1601647",22
"1601648",22
"1601649",26
"1601652",22
"1601653",22
"1601654",22
"1601656",30
"1601659",20
"1601660",7
"1601661",8
"1601662",22
"1601665",3
"1601668",20
"1601669",27
"1601670",22
"1601671",27
"1601672",23
"1601673",22
"1601674",8
"1601675",13
"1601678",3
"1601680",21
"1601681",3
"1601682",7
"1601685",3
"1601686",22
"1601687",34
"1601688",3
"1601689",22
"1601690",9
"1601691",27
"1601692",22
"1601694",28
"1601695",24
"1601696",23
"1601697",8
"1601698",20
"1601699",20
"1601700",34
"1601703",22
"1601704",8
"1601707",27
"1601708",22
"1601709",5
"1601710",25
"1601712",28
"1601714",22
"1601715",22
"1601716",20
"1601717",29
"1601718",20
"1601719",20
"1601720",23
"1701001",34
"1701003",22
"1701004",22
"1701006",22
"1701008",22
"1701009",23
"1701011",23
"1701012",22
"1701015",23
"1701016",23
"1701017",22
"1701018",2
"1701019",3
"1701020",20
"1701021",9
"1701024",22
"1701028",23
"1701029",27
"1701030",22
"1701031",27
"1701032",22
"1701033",8
"1701034",1
"1701035",22
"1701036",23
"1701038",21
"1701039",24
"1701040",22
"1701041",22
"1701042",21
"1701045",23
"1701046",21
"1701047",5
"1701048",21
"1701049",9
"1701050",22
"1701051",22
"1701053",3
"1701057",24
"1701060",9
"1701061",22
"1701063",20
"1701064",7
"1701065",22
"1701066",28
"1701069",26
"1701071",23
"1701073",20
"1701074",27
"1701076",22
"1701077",22
"1701078",22
"1701081",22
"1701083",23
"1701086",27
"1701089",23
"1701090",24
"1701094",22
"1701098",8
"1701099",23
"1701101",22
"1701111",22
"1701115",22
"1701116",28
"1701117",28
"1701119",23
"1701120",28
"1701122",28
"1701128",28
"1701130",20
"1701132",24
"1701133",5
"1701134",23
"1701137",22
"1701138",3
"1701139",8
"1701141",8
"1701144",8
"1701145",23
"1701149",5
"1701151",3
"1701154",27
"1701157",3
"1701158",23
"1701160",8
"1701163",24
"1701167",10
"1701168",20
"1701172",23
"1701175",8
"1701176",25
"1701180",2
"1701183",20
"1701184",13
"1701186",22
"1701190",27
"1701191",6
"1701192",10
"1701195",25
"1701199",9
"1701200",20
"1701202",23
"1701203",25
"1701204",8
"1701205",24
"1701206",23
"1701207",7
"1701208",21
"1701209",23
"1701214",23
"1701215",22
"1701220",20
"1701221",28
"1701222",10
"1701223",3
"1701225",23
"1701226",5
"1701227",9
"1701228",20
"1701233",28
"1701239",28
"1701240",8
"1701241",23
"1701245",22
"1701248",24
"1701253",21
"1701256",8
"1701260",14
"1701261",22
"1701265",8
"1701266",26
"1701268",9
"1701269",5
"1701270",22
"1701276",10
"1701277",8
"1701278",9
"1701280",25
"1701281",23
"1701282",28
"1701283",9
"1701285",20
"1701289",32
"1701290",34
"1701294",5
"1701295",28
"1701304",28
"1701306",24
"1701308",22
"1701310",22
"1701319",20
"1701321",9
"1701322",22
"1701323",23
"1701324",9
"1701325",7
"1701327",20
"1701328",9
"1701329",9
"1701330",5
"1701333",22
"1701335",20
"1701336",36
"1701337",8
"1701338",8
"1701339",11
"1701340",23
"1701341",22
"1701342",23
"1701343",8
"1701344",22
"1701345",8
"1701347",19
"1701348",24
"1701349",22
"1701351",22
"1701352",10
"1701353",22
"1701356",21
"1701357",3
"1701360",9
"1701361",24
"1701362",22
"1701363",22
"1701364",2
"1701365",21
"1701366",8
"1701368",6
"1701370",23
"1701371",21
"1701372",3
"1701373",3
"1701374",26
"1701375",30
"1701376",22
"1701377",22
"1701379",9
"1701380",20
"1701381",27
"1701382",7
"1701383",22
"1701384",2
"1701385",3
"1701386",24
"1701388",3
"1701390",11
"1701391",22
"1701392",20
"1701393",11
"1701394",3
"1701395",18
"1701396",24
"1701397",27
"1701398",37
"1701399",8
"1701400",10
"1701402",23
"1701403",22
"1701404",9
"1701407",22
"1701410",22
"1701411",22
"1701413",22
"1701414",23
"1701415",22
"1701417",22
"1701418",29
"1701422",22
"1701424",22
"1701425",22
"1701426",25
"1701428",22
"1701429",22
"1701431",22
"1701432",22
"1701433",22
"1701434",22
"1701436",22
"1701437",22
"1701438",22
"1701441",22
"1701443",22
"1701445",22
"1701446",22
"1701447",22
"1701451",23
"1701453",22
"1701454",22
"1701456",22
"1701457",4
"1701459",22
"1701460",35
"1701461",34
"1701462",23
"1701463",8
"1701465",24
"1701467",8
"1701468",28
"1701470",24
"1701473",5
"1701477",8
"1701479",9
"1701480",9
"1701486",23
"1701491",29
"1701492",32
"1701494",22
"1701495",28
"1701501",9
"1701502",23
"1701504",22
"1701505",8
"1701506",23
"1701507",8
"1701508",27
"1701509",3
"1701510",27
"1701511",22
"1701513",22
"1701514",3
"1701517",20
"1701519",22
"1701520",22
"1701521",27
"1701524",24
"1701525",24
"1701527",22
"1701531",26
"1701533",22
"1701536",8
"1701537",2
"1701538",13
"1701541",23
"1701542",23
"1701543",22
"1701544",1
"1701546",29
"1701547",22
"1701549",22
"1701555",23
"1701557",27
"1701562",22
"1701563",20
"1701565",32
"1701566",22
"1701567",8
"1701571",27
"1701572",22
"1701574",22
"1701575",22
"1701576",22
"1701578",22
"1701579",25
"1701580",15
"1701583",22
"1701585",22
"1701586",29
"1701587",22
"1701590",23
"1701591",22
"1701594",22
"1701595",23
"1701596",22
"1701599",21
"1701601",22
"1701602",25
"1701603",22
"1701604",9
"1701605",22
"1701607",28
"1701608",27
"1701609",22
"1701610",21
"1701611",24
"1701612",22
"1701613",22
"1701614",8
"1701616",22
"1701618",22
"1701626",30
"1701627",22
"1701628",22
"1701629",6
"1701631",22
"1701632",3
"1701633",8
"1701634",3
"1701635",3
"1701636",22
"1701637",23
"1701639",8
"1701640",3
"1701641",23
"1701642",8
"1701644",22
"1701646",9
"1701647",6
"1701648",8
"1701649",8
"1701652",8
"1701653",28
"1701655",20
"1701657",24
"1701662",22
"1701666",24
"1701668",8
"1701669",8
"1701670",13
"1701672",22
"1701673",7
"1701675",21
"1701676",23
"1701679",3
"1701682",22
"1701693",22
"1701694",22
"1701696",20
"1701698",22
"1701701",6
"1701702",3
"1701704",27
"1701707",22
"1701708",22
"1701710",8
"1701712",8
"1701715",3
"1701716",22
"1701718",3
"1701720",24
"1701728",6
"1701730",3
"1701733",28
"1701736",9
"1701737",7
"1701739",9
"1701742",8
"1701744",4
"1701745",3
"1701746",21
"1701747",9
"1701751",23
"1701753",22
"1701755",22
"1701757",24
"1701759",20
"1701762",23
"1701764",20
"1701766",21
"1701767",3
"1701768",5
"1701770",9
"1701772",8
"1701774",23
"1701775",10
"1701782",24
"1701784",31
"1701786",24
"1701789",3
"1701790",8
"1701793",9
"1701794",9
"1701795",23
"1701796",22
"1701797",8
"1701798",23
"1701800",22
"1701802",22
"1701804",8
"1701805",22
"1701808",24
"1701810",24
"1701812",22
"1701813",22
"1701814",22
"1701815",28
"1701818",22
"1701819",22
"1701820",22
"1701821",22
"1701822",8
"1701823",22
"1701824",22
"1701826",34
"1701827",28
"1701828",20
"1701829",8
"1701832",21
"1701833",34
"1701841",22
"1701847",24
"1701849",27
"1701850",23
"1701851",3
"1701852",8
"1701853",28
"1701854",22
"1701855",1
"1701856",22
"1701857",27
"1701858",8
"1701860",23
"1701861",22
"1701862",9
"1701864",2
"1701865",27
"1701866",26
"1701869",1
"1701870",22
"1701873",3
"1701875",22
"1701876",2
"1701878",22
"1701879",22
"1701880",8
"1701882",8
"1701885",11
"1701888",17
"1701889",24
"1701897",22
"1701901",22
"1701902",22
"1701903",28
"1701904",20
"1701905",27
"1701906",3
"1701907",20
"1701910",27
"1701912",23
"1701913",9
"1701916",8
"1701917",9
"1701919",8
"1701920",24
"1701926",35
"1701937",9
"1701940",23
"1701941",9
"1701943",22
"1701945",23
"1701947",3
"1701949",25
"1701950",8
"1701951",3
"1701956",9
"1701957",23
"1701959",23
"1701965",26
"1701966",21
"1701967",3
"1701969",25
"1701972",3
"1701976",27
"1701980",3
"1701982",1
"1701984",3
"1701989",8
"1701991",22
"1701992",2
"1701993",20
"1701994",24
"1701995",8
"1701996",24
"1701999",22
"1702001",8
"1702002",9
"1702003",9
"1702006",8
"1702007",5
"1702011",9
"1702012",22
"1702015",20
"1702016",22
"1702018",9
"1702020",24
"1702021",26
"1702023",27
"1702024",9
"1702030",23
"1702031",24
"1702032",23
"1702033",8
"1702036",10
"1702037",8
"1702038",2
"1702039",9
"1702040",23
"1702043",3
"1702046",7
"1702047",23
"1702052",22
"1702054",2
"1702055",3
"1702056",22
"1702058",22
"1702059",8
"1702060",24
"1702062",4
"1702063",22
"1702066",22
"1702068",28
"1702069",21
"1702070",28
"1702072",3
"1702073",2
"1702075",22
"1702077",8
"1702078",24
"1702080",23
"1702081",23
"1702083",22
"1702084",28
"1702085",24
"1702086",28
"1702088",22
"1702090",9
"1702091",30
"1702092",8
"1702095",22
"1702098",22
"1702100",22
"1702102",26
"1702104",23
"1702105",34
"1702107",23
"1702108",9
"1702110",22
"1702111",23
"1702113",9
"1702115",2
"1702122",8
"1702123",9
"1702126",32
"1702127",27
"1702129",43
"1702130",23
"1702131",3
"1702133",3
"1702134",9
"1702135",1
"1702141",25
"1702143",24
"1702144",9
"1702146",22
"1702150",22
"1702153",3
"1702154",21
"1702156",24
"1702159",22
"1702162",3
"1702166",9
"1702167",22
"1702169",14
"1702170",3
"1702171",8
"1702172",22
"1702174",23
"1702175",34
"1702177",23
"1702182",23
"1702184",39
"1702185",28
"1702186",27
"1702189",29
"1702191",3
"1702192",22
"1702193",23
"1702195",23
"1702205",23
"1702208",22
"1702211",23
"1702212",23
"1702213",9
"1702215",22
"1702216",22
"1702217",21
"1702218",22
"1702222",23
"1702225",21
"1702226",23
"1702229",21
"1702230",27
"1702232",24
"1702233",23
"1702235",31
"1702236",23
"1702238",9
"1702239",9
"1702241",22
"1702244",23
"1702245",22
"1702246",9
"1702249",22
"1702252",23
"1702254",5
"1702255",9
"1702261",14
"1702265",3
"1702266",23
"1702269",22
"1702270",23
"1702273",22
"1702278",23
"1702280",3
"1702281",22
"1702282",9
"1702287",28
"1702290",28
"1702292",34
"1702293",23
"1702294",8
"1702297",31
"1702298",28
"1702301",22
"1702310",3
"1702313",13
"1702317",22
"1702318",9
"1702319",23
"1702322",23
"1702324",28
"1702325",24
"1702327",34
"1702330",14
"1702331",29
"1702332",24
"1702335",23
"1702337",23
"1702338",9
"1702339",52
"1702340",25
"1702341",3
"1702343",24
"1702347",23
"1702348",5
"1702349",23
"1702350",30
"1702354",1
"1702356",23
"1702361",28
"1702362",3
"1702364",23
"1702366",23
"1702367",23
"1702368",21
"1702372",23
"1702374",23
"1702375",22
"1702377",25
"1702378",28
"1702379",23
"1702382",23
"1702384",10
"1702385",11
"1702389",20
"1702391",22
"1702393",23
"1702394",3
"1702395",33
"1702398",22
"1702399",22
"1702400",23
"1702403",22
"1702409",23
"1702412",29
"1702415",31
"1702422",9
"1702423",23
"1702425",22
"1702431",22
"1702434",23
"1702437",3
"1702438",3
"1702440",23
"1702441",3
"1702446",8
"1702447",13
"1702452",3
"1702453",23
"1702454",22
"1702456",22
"1702457",25
"1702458",9
"1702459",23
"1702460",24
"1702461",23
"1702462",21
"1702463",1
"1702464",22
"1702467",9
"1702471",22
"1702472",22
"1702475",35
"1702479",14
"1710001",22
"1710002",22
"1710003",22
"1710004",7
"1710005",3
"1710006",28
"1710007",3
"1710008",27
"1710009",10
"1710010",22
"1710011",22
"1710012",23
"1710013",22
"1710014",54
"1710015",22
"1710016",22
"1710017",31
"1710018",8
"1710019",22
"1710020",3
"1710021",3
"1710022",7
"1710023",7
"1710024",23
"1710025",1
"1710026",8
"1710027",8
"1710029",22
"1710030",8
"1710031",7
"1710032",8
"1710033",22
"1710034",20
"1710035",1
"1710036",36
"1710037",2
"1710039",22
"1710040",30
"1710041",27
"1710042",22
"1710043",25
"1710044",23
"1710045",23
"1710046",8
"1710047",23
"1710048",23
"1710049",28
"1710050",10
"1710051",7
"1710052",3
"1710053",20
"1710054",20
"1710055",20
"1710056",34
"1710057",8
"1710058",24
"1710059",11
"1710060",34
"1710061",22
"1710062",21
"1710064",5
"1710065",22
"1710068",23
"1710069",21
"1800003",24
"1800005",26
"1800014",2
"1800016",9
"1800018",3
"1800019",28
"1800021",25
"1800024",24
"1800028",9
"1800029",9
"1800030",29
"1800031",9
"1800035",9
"1800038",8
"1800039",28
"1800040",9
"1800043",9
"1800044",28
"1800046",3
"1800048",34
"1800050",5
"1800054",3
"1800057",8
"1800058",25
"1800059",24
"1800065",8
"1800067",23
"1800068",9
"1800070",7
"1800071",9
"1800073",3
"1800075",23
"1800078",28
"1800079",23
"1800083",31
"1800085",9
"1800088",10
"1800097",3
"1800100",3
"1800101",9
"1800107",22
"1800111",23
"1800113",3
"1800115",23
"1800117",3
"1800118",23
"1800119",24
"1800122",23
"1800124",8
"1800127",23
"1800128",8
"1800130",9
"1800131",23
"1800133",4
"1800135",35
"1800136",26
"1800137",24
"1800141",3
"1800142",24
"1800143",9
"1800145",23
"1800147",9
"1800150",7
"1800151",28
"1800152",23
"1800155",9
"1800156",23
"1800157",9
"1800158",9
"1800159",9
"1800160",23
"1800162",28
"1800163",9
"1800164",35
"1800165",23
"1800167",24
"1800169",27
"1800173",3
"1800175",23
"1800179",9
"1800180",23
"1800181",9
"1800182",38
"1800184",3
"1800186",28
"1800187",23
"1800189",3
"1800191",9
"1800193",9
"1800194",23
"1800195",23
"1800198",24
"1800199",21
"1800200",23
"1800201",24
"1800204",23
"1800206",27
"1800207",3
"1800208",24
"1800209",28
"1800212",3
"1800214",24
"1800216",9
"1800218",29
"1800222",24
"1800223",26
"1800225",25
"1800229",9
"1800232",3
"1800233",9
"1800235",9
"1800238",23
"1800242",30
"1800243",9
"1800245",4
"1800248",24
"1800250",28
"1800252",23
"1800253",4
"1800257",23
"1800258",28
"1800261",9
"1800263",23
"1800266",3
"1800268",28
"1800269",3
"1800270",14
"1800271",24
"1800274",28
"1800281",9
"1800285",23
"1800286",3
"1800287",9
"1800288",9
"1800289",26
"1800290",21
"1800291",5
"1800292",9
"1800293",9
"1800294",21
"1800295",27
"1800297",21
"1800298",16
"1800302",21
"1800303",21
"1800305",8
"1800311",23
"1800312",23
"1800314",23
"1800315",23
"1800316",9
"1800320",24
"1800322",9
"1800325",29
"1800326",23
"1800327",9
"1800330",23
"1800333",28
"1800334",23
"1800336",23
"1800337",9
"1800340",23
"1800341",28
"1800342",9
"1800343",9
"1800345",23
"1800346",23
"1800348",12
"1800349",24
"1800350",31
"1800351",26
"1800356",8
"1800359",9
"1800362",24
"1800365",23
"1800367",23
"1800368",22
"1800370",23
"1800371",23
"1800372",22
"1800373",3
"1800374",23
"1800375",9
"1800378",9
"1800380",23
"1800381",23
"1800383",10
"1800384",9
"1800386",9
"1800387",23
"1800389",23
"1800390",23
"1800391",23
"1800393",23
"1800396",21
"1800403",3
"1800404",23
"1800407",9
"1800411",24
"1800412",10
"1800415",9
"1800417",23
"1800418",8
"1800419",7
"1800420",23
"1800426",9
"1800433",29
"1800435",22
"1800438",9
"1800439",9
"1800445",9
"1800446",24
"1800447",9
"1800449",28
"1800450",23
"1800452",21
"1800453",23
"1800454",36
"1800456",23
"1800458",23
"1800460",29
"1800461",36
"1800464",25
"1800465",23
"1800467",3
"1800471",23
"1800472",23
"1800473",24
"1800474",27
"1800475",28
"1800476",23
"1800477",23
"1800479",24
"1800483",23
"1800487",23
"1800488",23
"1800489",23
"1800495",23
"1800496",9
"1800497",23
"1800498",23
"1800499",23
"1800501",23
"1800502",23
"1800504",28
"1800505",8
"1800509",23
"1800516",3
"1800523",9
"1800524",23
"1800525",23
"1800526",28
"1800527",36
"1800529",23
"1800530",23
"1800533",23
"1800534",23
"1800535",30
"1800536",23
"1800537",23
"1800538",21
"1800539",21
"1800540",9
"1800553",30
"1800554",28
"1800555",23
"1800564",23
"1800566",23
"1800567",23
"1800570",9
"1800572",23
"1800578",23
"1800579",23
"1800580",23
"1800581",21
"1800582",5
"1800583",23
"1800585",26
"1800586",23
"1800588",23
"1800589",23
"1800591",23
"1800593",23
"1800594",24
"1800596",21
"1800597",23
"1800602",21
"1800604",21
"1800605",9
"1800608",5
"1800610",9
"1800611",21
"1800612",7
"1800615",23
"1800616",23
"1800617",12
"1800618",9
"1800620",10
"1800621",9
"1800623",23
"1800624",34
"1800627",8
"1800628",8
"1800629",21
"1800631",21
"1800632",21
"1800634",23
"1800635",23
"1800636",25
"1800638",28
"1800639",23
"1800647",9
"1800651",22
"1800653",3
"1800655",9
"1800657",3
"1800658",24
"1800665",3
"1800668",9
"1800669",23
"1800674",23
"1800680",10
"1800684",23
"1800687",21
"1800689",11
"1800690",9
"1800692",9
"1800693",12
"1800694",14
"1800699",13
"1800700",29
"1800701",3
"1800702",9
"1800703",26
"1800704",9
"1800710",23
"1800714",9
"1800715",8
"1800717",21
"1800718",3
"1800721",4
"1800723",21
"1800724",22
"1800726",9
"1800728",19
"1800729",24
"1800730",21
"1800735",37
"1800737",23
"1800739",9
"1800740",24
"1800742",28
"1800743",23
"1800746",23
"1800747",33
"1800748",9
"1800749",9
"1800751",28
"1800757",9
"1800759",10
"1800763",10
"1800764",21
"1800765",7
"1800769",23
"1800770",28
"1800771",23
"1800772",9
"1800778",9
"1800784",1
"1800787",23
"1800788",23
"1800790",23
"1800791",9
"1800792",23
"1800794",9
"1800798",3
"1800799",23
"1800800",8
"1800802",23
"1800806",9
"1800807",23
"1800809",9
"1800811",28
"1800812",1
"1800813",5
"1800814",28
"1800815",3
"1800818",35
"1800821",10
"1800823",35
"1800824",24
"1800825",9
"1800829",9
"1800830",23
"1800833",9
"1800836",24
"1800837",23
"1800839",24
"1800840",23
"1800841",23
"1800845",24
"1800846",9
"1800847",23
"1800853",9
"1800854",23
"1800859",28
"1800861",9
"1800862",9
"1800863",3
"1800864",24
"1800865",21
"1800867",23
"1800868",23
"1800870",23
"1800871",30
"1800873",24
"1800874",23
"1800878",21
"1800879",36
"1800880",3
"1800881",10
"1800883",3
"1800885",9
"1800887",24
"1800889",24
"1800890",21
"1800895",23
"1800897",6
"1800898",9
"1800899",22
"1800901",23
"1800902",25
"1800904",24
"1800906",9
"1800908",9
"1800910",9
"1800911",24
"1800912",3
"1800914",9
"1800915",3
"1800916",29
"1800922",22
"1800926",23
"1800927",9
"1800928",23
"1800929",23
"1800932",23
"1800936",9
"1800937",34
"1800939",23
"1800941",28
"1800945",28
"1800948",11
"1800949",3
"1800950",23
"1800955",25
"1800959",8
"1800961",9
"1800964",23
"1800965",21
"1800966",23
"1800968",23
"1800969",23
"1800970",9
"1800975",23
"1800976",21
"1800977",23
"1800978",23
"1800980",23
"1800985",37
"1800988",23
"1800993",9
"1800995",27
"1800996",23
"1800997",23
"1800999",29
"1801000",24
"1801001",23
"1801004",3
"1801006",23
"1801007",9
"1801009",23
"1801010",23
"1801012",23
"1801014",23
"1801015",24
"1801016",21
"1801017",21
"1801021",28
"1801025",23
"1801026",21
"1801027",25
"1801028",23
"1801031",23
"1801033",25
"1801039",35
"1801040",23
"1801041",21
"1801042",23
"1801044",21
"1801045",23
"1801046",23
"1801048",21
"1801050",23
"1801051",23
"1801052",23
"1801054",23
"1801055",28
"1801056",24
"1801057",28
"1801058",5
"1801059",23
"1801060",29
"1801064",26
"1801065",23
"1801066",9
"1801067",23
"1801069",23
"1801070",23
"1801071",23
"1801072",12
"1801073",12
"1801074",23
"1801075",9
"1801076",12
"1801080",9
"1801081",24
"1801084",35
"1801085",23
"1801087",23
"1801088",9
"1801090",3
"1801091",21
"1801093",23
"1801094",24
"1801095",23
"1801098",3
"1801099",23
"1801102",9
"1801103",28
"1801104",23
"1801105",23
"1801106",23
"1801108",23
"1801109",23
"1801110",28
"1801111",23
"1801112",23
"1801116",10
"1801119",9
"1801120",23
"1801121",26
"1801124",24
"1801125",23
"1801128",23
"1801130",24
"1801133",28
"1801134",23
"1801135",25
"1801136",23
"1801138",23
"1801139",21
"1801141",26
"1801142",10
"1801143",28
"1801144",23
"1801145",23
"1801146",23
"1801147",15
"1801148",23
"1801150",26
"1801151",24
"1801154",21
"1801156",9
"1801157",3
"1801162",23
"1801163",3
"1801165",23
"1801167",24
"1801168",9
"1801169",3
"1801172",8
"1801175",24
"1801178",23
"1801179",9
"1801180",23
"1801183",12
"1801185",23
"1801188",23
"1801189",24
"1801190",23
"1801191",23
"1801192",3
"1801194",26
"1801198",23
"1801199",29
"1801200",9
"1801201",23
"1801202",31
"1801205",28
"1801206",24
"1801210",9
"1801211",3
"1801215",9
"1801218",25
"1801220",25
"1801221",23
"1801222",3
"1801224",23
"1801225",28
"1801226",9
"1801227",9
"1801228",23
"1801233",23
"1801234",9
"1801235",7
"1801238",3
"1801241",23
"1801245",24
"1801246",23
"1801249",10
"1801251",3
"1801253",3
"1801255",9
"1801256",24
"1801258",23
"1801264",23
"1801267",24
"1801269",28
"1801270",30
"1801274",3
"1801276",9
"1801278",9
"1801281",23
"1801282",23
"1801288",3
"1801290",25
"1801291",3
"1801295",23
"1801296",23
"1801300",23
"1801302",23
"1801303",26
"1801304",24
"1801305",23
"1801308",24
"1801310",23
"1801311",31
"1801313",32
"1801314",24
"1801315",23
"1801316",9
"1801319",29
"1801321",23
"1801322",27
"1801323",23
"1801324",9
"1801325",23
"1801326",24
"1801327",24
"1801328",26
"1801329",23
"1801330",23
"1801331",23
"1801332",31
"1801333",23
"1801334",10
"1801336",9
"1801337",3
"1801339",9
"1801341",23
"1801342",21
"1801343",23
"1801344",21
"1801345",9
"1801347",23
"1801351",3
"1801355",3
"1801359",23
"1801360",9
"1801362",23
"1801363",23
"1801364",23
"1801365",23
"1801366",23
"1801367",23
"1801368",23
"1801369",23
"1801372",23
"1801373",31
"1801374",9
"1801375",25
"1801376",23
"1801378",23
"1801380",23
"1801381",23
"1801382",23
"1801384",23
"1801388",9
"1801389",9
"1801390",23
"1801392",23
"1801394",21
"1801395",23
"1801396",23
"1801397",24
"1801402",29
"1801403",23
"1801405",2
"1801406",9
"1801407",23
"1801409",23
"1801415",23
"1801416",9
"1801417",23
"1801419",9
"1801421",9
"1801422",23
"1801424",23
"1801425",23
"1801429",23
"1801430",8
"1801431",28
"1801432",9
"1801436",26
"1801437",23
"1801443",24
"1801445",9
"1801448",28
"1801449",23
"1801451",25
"1801453",24
"1801454",23
"1801455",23
"1801457",23
"1801458",23
"1801459",11
"1801460",26
"1801462",23
"1801463",9
"1801464",7
"1801472",3
"1801479",9
"1801481",9
"1801490",35
"1801492",23
"1801497",24
"1801499",1
"1801500",23
"1801501",9
"1801503",25
"1801507",25
"1801508",23
"1801511",27
"1801512",24
"1801514",32
"1801515",22
"1900001",23
"1900002",3
"1900004",23
"1900006",30
"1900009",23
"1900012",23
"1900014",28
"1900021",23
"1900023",31
"1900024",9
"1900026",24
"1900028",9
"1900029",9
"1900030",23
"1900034",29
"1900035",24
"1900037",6
"1900038",9
"1900039",9
"1900042",9
"1900044",9
"1900045",23
"1900047",11
"1900052",23
"1900055",33
"1900056",24
"1900057",9
"1900058",36
"1900059",9
"1900061",3
"1900062",24
"1900063",28
"1900066",24
"1900067",28
"1900068",28
"1900069",5
"1900070",29
"1900072",23
"1900076",24
"1900078",10
"1900083",23
"1900084",9
"1900085",23
"1900086",9
"1900088",9
"1900092",9
"1900094",23
"1900097",8
"1900100",29
"1900102",23
"1900103",23
"1900107",3
"1900110",8
"1900111",29
"1900117",9
"1900120",14
"1900121",8
"1900127",23
"1900128",23
"1900129",23
"1900130",3
"1900132",23
"1900136",9
"1900137",21
"1900139",23
"1900141",9
"1900142",9
"1900143",9
"1900146",24
"1900148",9
"1900150",8
"1900151",24
"1900152",9
"1900154",28
"1900156",23
"1900158",9
"1900159",25
"1900161",9
"1900163",26
"1900166",9
"1900168",9
"1900171",9
"1900175",1
"1900176",9
"1900179",24
"1900180",9
"1900181",23
"1900183",17
"1900184",2
"1900185",9
"1900189",28
"1900191",9
"1900192",3
"1900194",15
"1900195",9
"1900196",22
"1900199",5
"1900200",11
"1900206",8
"1900208",9
"1900209",15
"1900212",23
"1900215",23
"1900218",9
"1900220",24
"1900221",21
"1900223",9
"1900225",29
"1900227",23
"1900232",23
"1900234",25
"1900237",28
"1900238",9
"1900240",23
"1900243",9
"1900247",7
"1900251",23
"1900258",13
"1900263",29
"1900267",9
"1900271",11
"1900274",26
"1900275",9
"1900280",9
"1900283",9
"1900284",23
"1900286",21
"1900290",26
"1900295",23
"1900298",2
"1900299",28
"1900303",26
"1900306",26
"1900314",1
"1900315",10
"1900316",22
"1900320",22
"1900321",11
"1900324",3
"1900325",9
"1900327",21
"1900328",9
"1900329",23
"1900331",23
"1900332",23
"1900335",10
"1900336",3
"1900338",9
"1900339",28
"1900341",23
"1900343",9
"1900345",1
"1900346",9
"1900347",3
"1900348",23
"1900350",9
"1900352",3
"1900353",28
"1900354",8
"1900355",21
"1900356",24
"1900357",3
"1900366",9
"1900368",30
"1900372",9
"1900373",9
"1900374",9
"1900376",24
"1900378",9
"1900383",24
"1900385",24
"1900386",9
"1900387",24
"1900391",3
"1900392",23
"1900394",22
"1900397",9
"1900399",9
"1900401",3
"1900404",25
"1900406",9
"1900407",23
"1900408",28
"1900409",9
"1900410",9
"1900411",26
"1900413",9
"1900415",23
"1900417",3
"1900420",9
"1900422",9
"1900423",3
"1900426",3
"1900427",23
"1900428",23
"1900430",3
"1900432",3
"1900433",9
"1900436",9
"1900437",2
"1900438",23
"1900439",24
"1900440",3
"1900441",9
"1900442",3
"1900443",3
"1900444",3
"1900446",3
"1900449",2
"1900450",23
"1900451",23
"1900453",9
"1900454",14
"1900455",24
"1900456",9
"1900457",9
"1900459",23
"1900460",23
"1900461",9
"1900462",23
"1900464",3
"1900465",23
"1900466",23
"1900468",3
"1900469",23
"1900470",23
"1900471",9
"1900472",3
"1900473",3
"1900474",25
"1900475",23
"1900478",23
"1900479",24
"1900480",9
"1900481",3
"1900482",23
"1900483",24
"1900484",3
"1900486",23
"1900487",9
"1900488",33
"1900490",30
"1900491",9
"1900492",3
"1900493",3
"1900494",3
"1900497",23
"1900498",23
"1900500",28
"1900502",3
"1900503",9
"1900504",28
"1900505",3
"1900506",23
"1900511",9
"1900512",3
"1900513",3
"1900514",23
"1900515",23
"1900517",3
"1900518",23
"1900522",3
"1900523",28
"1900524",9
"1900527",8
"1900528",24
"1900530",3
"1900532",23
"1900533",25
"1900534",28
"1900535",23
"1900538",24
"1900539",3
"1900540",23
"1900541",3
"1900544",9
"1900546",24
"1900548",35
"1900550",9
"1900551",33
"1900554",28
"1900555",9
"1900558",7
"1900559",23
"1900561",23
"1900563",3
"1900564",23
"1900566",8
"1900567",3
"1900568",8
"1900570",24
"1900571",23
"1900572",9
"1900575",24
"1900576",9
"1900577",28
"1900578",36
"1900579",24
"1900581",1
"1900582",23
"1900583",9
"1900585",23
"1900588",9
"1900591",10
"1900592",24
"1900593",30
"1900594",23
"1900595",31
"1900597",8
"1900601",3
"1900604",23
"1900605",23
"1900606",9
"1900607",9
"1900608",39
"1900609",23
"1900610",9
"1900611",23
"1900612",3
"1900617",8
"1900622",7
"1900623",7
"1900624",8
"1900626",23
"1900627",29
"1900628",27
"1900638",25
"1900640",9
"1900643",3
"1900644",9
"1900648",9
"1900650",23
"1900651",9
"1900652",23
"1900653",9
"1900655",24
"1900656",8
"1900658",10
"1900660",9
"1900661",36
"1900667",14
"1900673",23
"1900675",25
"1900676",23
"1900677",9
"1900682",8
"1900684",22
"1900686",9
"1900687",26
"1900691",28
"1900695",14
"1900696",3
"1900698",9
"1900701",24
"1900705",23
"1900708",25
"1900709",9
"1900712",14
"1900714",23
"1900716",3
"1900718",9
"1900719",8
"1900724",35
"1900725",24
"1900728",32
"1900729",9
"1900730",9
"1900731",23
"1900733",2
"1900735",24
"1900736",23
"1900741",3
"1900747",23
"1900748",3
"1900751",9
"1900752",23
"1900756",9
"1900757",23
"1900759",23
"1900761",23
"1900762",23
"1900763",23
"1900764",11
"1900767",3
"1900768",9
"1900772",23
"1900775",3
"1900781",3
"1900784",9
"1900787",8
"1900789",8
"1900790",23
"1900792",3
"1900793",23
"1900794",2
"1900795",24
"1900798",3
"1900800",23
"1900803",3
"1900804",10
"1900805",11
"1900806",9
"1900807",28
"1900809",28
"1900810",3
"1900811",3
"1900813",3
"1900814",9
"1900817",23
"1900820",23
"1900821",10
"1900824",9
"1900828",23
"1900829",3
"1900830",23
"1900832",23
"1900833",24
"1900834",9
"1900835",9
"1900836",3
"1900838",23
"1900841",23
"1900843",23
"1900844",23
"1900845",9
"1900846",3
"1900848",9
"1900850",23
"1900854",9
"1900855",23
"1900857",23
"1900858",23
"1900860",23
"1900861",23
"1900862",9
"1900864",3
"1900865",23
"1900866",23
"1900867",9
"1900870",9
"1900871",29
"1900872",24
"1900873",3
"1900874",32
"1900875",10
"1900876",23
"1900877",9
"1900879",9
"1900880",2
"1900885",9
"1900886",3
"1900889",23
"1900890",9
"1900892",23
"1900893",9
"1900894",10
"1900895",23
"1900896",23
"1900897",23
"1900898",9
"1900900",27
"1900903",3
"1900904",9
"1900905",3
"1900908",8
"1900910",9
"1900911",9
"1900913",9
"1900915",3
"1900917",3
"1900919",3
"1900920",23
"1900922",23
"1900924",23
"1900925",23
"1900926",3
"1900927",23
"1900928",23
"1900929",9
"1900932",28
"1900936",10
"1900937",23
"1900940",15
"1900941",3
"1900946",23
"1900947",3
"1900951",10
"1900953",24
"1900954",3
"1900955",24
"1900956",23
"1900957",3
"1900958",3
"1900959",23
"1900961",23
"1900963",3
"1900965",23
"1900967",13
"1900969",23
"1900970",23
"1900971",23
"1900974",24
"1900978",3
"1900979",23
"1900980",23
"1900981",23
"1900983",23
"1900985",3
"1900986",23
"1900987",3
"1900988",29
"1900992",23
"1900995",23
"1900998",5
"1900999",9
"1901000",23
"1901001",9
"1901002",3
"1901003",23
"1901004",23
"1901006",8
"1901010",8
"1901011",23
"1901012",24
"1901014",8
"1901015",28
"1901016",8
"1901017",9
"1901019",27
"1901021",23
"1901026",32
"1901028",23
"1901029",8
"1901030",9
"1901034",23
"1901035",23
"1901037",23
"1901040",23
"1901042",9
"1901044",23
"1901046",23
"1901048",23
"1901052",23
"1901063",23
"1901071",8
"1901073",23
"1901074",23
"1901077",3
"1901078",23
"1901080",23
"1901083",23
"1901086",23
"1901087",25
"1901088",23
"1901089",3
"1901091",24
"1901092",3
"1901093",2
"1901094",23
"1901095",23
"1901097",23
"1901098",23
"1901101",2
"1901103",23
"1901104",3
"1901105",28
"1901111",23
"1901112",29
"1901116",23
"1901119",9
"1901121",23
"1901123",29
"1901124",23
"1901125",23
"1901128",23
"1901129",3
"1901130",10
"1901131",8
"1901132",23
"1901134",4
"1901135",9
"1901136",23
"1901137",23
"1901140",23
"1901143",23
"1901150",23
"1901151",23
"1901154",23
"1901156",24
"1901157",23
"1901159",9
"1901160",9
"1901164",9
"1901166",9
"1901167",9
"1901168",23
"1901169",23
"1901170",29
"1901171",28
"1901173",23
"1901175",9
"1901177",23
"1901182",24
"1901183",3
"1901184",23
"1901186",29
"1901187",23
"1901189",23
"1901190",9
"1901191",23
"1901192",23
"1901197",23
"1901198",23
"1901199",23
"1901203",3
"1901205",3
"1901207",23
"1901208",23
"1901209",9
"1901210",1
"1901212",23
"1901213",24
"1901214",28
"1901215",9
"1901216",21
"1901223",3
"1901224",11
"1901230",23
"1901231",9
"1901232",23
"1901233",24
"1901235",23
"1901240",27
"1901241",9
"1901242",3
"1901244",9
"1901248",26
"1901252",23
"1901254",10
"1901255",9
"1901266",3
"1901267",9
"1901272",9
"1901278",9
"1901281",23
"1901284",23
"1901286",24
"1901287",23
"1901288",23
"1901292",23
"1901293",23
"1901296",3
"1901297",3
"1901300",28
"1901304",23
"1901306",24
"1901309",10
"1901311",11
"1901314",30
"1901315",1
"1901318",28
"1901321",9
"1901333",9
"1901337",1
"1901338",23
"1901339",3
"1901343",9
"1901346",24
"1901348",24
"1901351",9
"1901353",9
"1901355",23
"1901357",24
"1901359",36
"1901361",9
"1901362",3
"1901363",1
"1901367",23
"1901370",35
"1901373",25
"1901376",3
"1901377",28
"1901379",9
"1901387",23
"1901389",2
"1901390",10
"1901392",23
"1901394",9
"1901401",23
"1901405",9
"1901406",9
"1901409",23
"1901411",23
"1901416",26
"1901417",29
"1901420",2
"1901424",8
"1901425",11
"1901428",9
"1901431",9
"1901433",9
"1901434",2
"1901436",36
"1901439",23
"1901440",24
"1901442",10
"1901443",24
"1901446",3
"1901447",9
"1901449",9
"1901450",27
"1901451",10
"1901452",24
"1901453",23
"1901454",23
"1901458",9
"1901459",8
"1901460",9
"1901463",24
"1901464",2
"1901465",31
"1901466",9
"1901468",9
"1901469",22
"1901470",9
"1901471",9
"1901472",3
"1901473",21
"1901479",29
"1901481",9
"1901482",32
"1901483",9
"1901486",23
"1901488",11
"1901489",3
"1901490",10
"1901492",28
"1901494",9
"1901495",28
"1901497",15
"1901500",24
"1901502",11
"1901504",3
"1901507",24
"1901508",9
"1901510",24
"1901511",28
"1901512",3
"1901514",9
"1901515",30
"1901518",8
"1901520",3
"1901523",23
"1901524",9
"1901525",23
"1901527",3
"1901529",26
"1901530",8
"1901531",9
"1901532",8
"1901533",8
"1901534",25
"1901535",23
"1901536",24
"1901537",23
"1901538",23
"1901539",9
"1901540",25
"1901541",9
"1901542",24
"1901544",3
"1901546",2
"1901547",23
"1901549",24
"1901550",8
"1901553",9
"1901557",8
"1901559",25
"1901561",23
"1901562",23
"1901563",23
"1901564",9
"1901565",21
"1901566",23
"1901568",28
"1901569",29
"1901570",9
"1901572",8
"1901574",23
"1901575",8
"1901576",28
"1901577",9
"1901579",9
"1901580",23
"1901581",29
"1901582",23
"1901583",28
"1901584",9
"1901585",26
"1901590",9
"1901593",23
"1901595",9
"1901596",23
"1901597",23
"1901602",10
"1901604",23
"1901606",23
"1901609",23
"1901610",9
"1901612",9
"1901615",23
"1901617",5
"1901620",23
"1901622",23
"1901623",8
"1901626",23
"1901628",24
"1901629",25
"1901631",23
"1901633",29
"1901634",9
"1901635",23
"1901639",21
"1901641",8
"1901642",10
"1901645",21
"1901649",23
"1901651",5
"1901652",23
"1901655",23
"1901656",28
"1901658",21
"1901660",23
"1901661",23
"1901662",23
"1901664",28
"1901666",22
"1901667",23
"1901668",23
"1901670",23
"1901672",23
"1901674",23
"1901676",23
"1901680",23
"1901682",29
"1901683",18
"1901684",8
"1901686",23
"1901687",28
"1901688",23
"1901690",23
"1901692",23
"1901693",33
"1901695",23
"1901697",23
"1901698",23
"1901699",24
"1901701",9
"1901702",24
"1901705",23
"1901706",29
"1901707",9
"1901710",23
"1901713",25
"1901714",23
"1901715",9
"1901716",23
"1901719",23
"1901721",24
"1901724",24
"1901725",23
"1901726",23
"1901728",23
"1901729",24
"1901732",8
"1901733",23
"1901735",25
"1901736",8
"1901737",23
"1901739",8
"1901740",8
"1901747",23
"1901748",9
"1901749",33
"1901750",12
"1901751",9
"1901752",23
"1901753",23
"1901754",23
"1901755",28
"1901757",23
"1901758",32
"1901761",4
"1901764",23
"1901767",23
"1901769",28
"1901772",25
"1901773",9
"1901774",23
"1901775",26
"1901780",23
"1901781",9
"1901782",9
"1901783",23
"1901784",26
"1901785",23
"1901786",23
"1901787",23
"1901791",23
"1901793",23
"1901794",36
"1901795",26
"1901796",23
"1901797",24
"1901798",9
"1901800",3
"1901801",23
"1901802",23
"1901804",3
"1901807",25
"1901810",23
"1901811",9
"1901812",9
"1901813",9
"1901814",28
"1901815",23
"1901819",3
"1901820",3
"1901821",5
"1901824",28
"1901825",23
"1901826",9
"1901831",9
"1901832",9
"1901833",9
"1901835",23
"1901836",23
"1901837",21
"1901838",8
"1901839",23
"1901840",9
"1901841",23
"1901842",3
"1901845",29
"1901846",24
"1901847",23
"1901850",9
"1901853",9
"1901854",26
"1901856",8
"1901858",3
"1901860",21
"1901862",3
"1901865",21
"1901866",23
"1901869",12
"1901870",9
"1901874",21
"1901875",28
"1901876",9
"1901878",21
"1901879",21
"1901883",23
"1901886",23
"1901887",23
"1901889",28
"1901893",25
"1901894",23
"1901895",23
"1901897",23
"1901898",23
"1901899",9
"1901901",24
"1901902",23
"1901903",23
"1901906",28
"1901907",23
"1901910",10
"1901911",2
"1901913",30
"1901914",23
"1901919",9
"1901923",8
"1901929",23
"1901930",21
"1901933",26
"1901934",23
"1901938",28
"1901939",25
"1901940",9
"1901941",21
"1901943",11
"1901945",21
"1901948",3
"1901950",9
"1901951",23
"1901952",3
"1901953",23
"1901954",24
"1901957",23
"1901960",3
"1901961",3
"1901963",2
"1901965",9
"1901966",23
"1901972",24
"1901974",23
"1901975",23
"1901977",23
"1901982",9
"1901983",25
"1901984",6
"1901988",8
"1901989",25
"1901990",9
"1901994",5
"1901995",23
"1901996",6
"1901997",23
"1901999",23
"1902069",9
"1902073",3
"1902077",9
"1910046",9
"1910047",23
"1910048",23
"1910049",3
"1910050",27
"1910051",27
"1910052",9
"1910053",24
"1910054",24
"1910057",24
"1910058",25
"1910065",21
"1910066",23
"1910069",21
"1910077",24
"1910115",35
"1910116",7
"1910117",34
"1910118",9
"1910119",9
"1910120",9
"1910121",24
"1910122",9
"1910123",9
"1910124",9
"1910125",28
"1910126",9
"1910127",29
"1910128",2
"1910129",23
"1910133",24
"2000002",9
"2000006",5
"2000009",9
"2000012",3
"2000013",23
"2000016",23
"2000019",9
"2000021",3
"2000022",23
"2000024",23
"2000027",23
"2000029",3
"2000032",9
"2000037",22
"2000039",3
"2000040",7
"2000041",25
"2000044",23
"2000046",9
"2000047",24
"2000048",32
"2000051",9
"2000052",30
"2000053",9
"2000058",23
"2000061",29
"2000064",28
"2000071",3
"2000072",10
"2000077",24
"2000085",9
"2000086",29
"2000087",23
"2000088",9
"2000090",23
"2000091",23
"2000092",3
"2000094",23
"2000098",8
"2000100",9
"2000103",23
"2000105",25
"2000106",23
"2000107",23
"2000110",23
"2000113",11
"2000114",9
"2000115",9
"2000117",9
"2000120",3
"2000121",9
"2000122",23
"2000123",29
"2000130",9
"2000131",28
"2000133",9
"2000135",8
"2000141",9
"2000143",24
"2000145",9
"2000146",23
"2000147",23
"2000151",29
"2000152",9
"2000153",11
"2000154",23
"2000155",23
"2000162",9
"2000167",26
"2000168",23
"2000169",9
"2000170",3
"2000174",23
"2000175",23
"2000178",3
"2000182",3
"2000184",23
"2000186",21
"2000188",7
"2000189",24
"2000191",23
"2000194",25
"2000195",23
"2000196",28
"2000198",23
"2000199",23
"2000200",8
"2000205",23
"2000206",3
"2000207",23
"2000209",23
"2000210",9
"2000212",9
"2000214",23
"2000218",4
"2000221",28
"2000223",3
"2000226",23
"2000227",3
"2000231",28
"2000232",3
"2000234",24
"2000235",9
"2000236",24
"2000237",23
"2000238",25
"2000244",23
"2000245",9
"2000247",25
"2000248",23
"2000249",27
"2000254",24
"2000256",23
"2000257",23
"2000258",9
"2000261",35
"2000263",23
"2000264",35
"2000266",3
"2000268",23
"2000275",9
"2000276",23
"2000277",24
"2000281",9
"2000285",9
"2000288",23
"2000289",9
"2000292",36
"2000293",3
"2000294",9
"2000297",9
"2000299",9
"2000300",23
"2000301",26
"2000304",24
"2000306",28
"2000308",23
"2000309",9
"2000310",9
"2000312",24
"2000316",23
"2000319",9
"2000324",10
"2000325",23
"2000327",9
"2000329",23
"2000333",23
"2000335",29
"2000336",23
"2000337",9
"2000341",23
"2000342",23
"2000345",28
"2000348",28
"2000352",9
"2000356",10
"2000357",24
"2000359",23
"2000364",29
"2000365",10
"2000366",28
"2000367",9
"2000368",27
"2000372",9
"2000373",9
"2000376",26
"2000377",21
"2000378",28
"2000380",9
"2000381",23
"2000382",34
"2000383",9
"2000385",23
"2000386",23
"2000390",23
"2000392",23
"2000393",29
"2000394",36
"2000397",23
"2000402",21
"2000403",3
"2000407",10
"2000409",24
"2000411",3
"2000413",29
"2000417",8
"2000421",23
"2000422",8
"2000426",3
"2000427",8
"2000430",23
"2000432",9
"2000434",3
"2000435",29
"2000436",23
"2000437",24
"2000438",8
"2000439",36
"2000443",23
"2000445",12
"2000447",34
"2000458",9
"2000459",28
"2000466",26
"2000468",23
"2000469",26
"2000471",30
"2000472",23
"2000473",9
"2000475",23
"2000478",9
"2000479",9
"2000480",23
"2000493",9
"2000508",9
"2000512",23
"2000515",23
"2000516",23
"2000517",29
"2000521",11
"2000525",9
"2000529",23
"2000537",23
"2000541",23
"2000545",29
"2000549",3
"2000557",8
"2000563",23
"2000564",8
"2000566",3
"2000568",23
"2000569",25
"2000570",9
"2000572",23
"2000573",23
"2000575",9
"2000576",9
"2000577",24
"2000578",23
"2000580",25
"2000581",23
"2000585",2
"2000586",25
"2000588",3
"2000589",9
"2000597",23
"2000600",13
"2000601",10
"2000606",3
"2000610",23
"2000613",3
"2000614",29
"2000617",28
"2000618",23
"2000622",23
"2000626",25
"2000628",29
"2000630",23
"2000632",23
"2000637",23
"2000640",23
"2000645",28
"2000646",10
"2000647",23
"2000653",21
"2000654",24
"2000659",28
"2000660",23
"2000666",24
"2000669",28
"2000672",23
"2000673",35
"2000675",9
"2000676",23
"2000681",8
"2000684",29
"2000685",24
"2000686",24
"2000689",8
"2000692",23
"2000694",21
"2000698",21
"2000700",3
"2000707",23
"2000709",23
"2000710",11
"2000711",23
"2000714",22
"2000716",25
"2000717",3
"2000718",5
"2000719",23
"2000720",9
"2000727",24
"2000733",25
"2000736",3
"2000737",21
"2000739",31
"2000741",11
"2000743",9
"2000744",28
"2000745",26
"2000747",24
"2000748",9
"2000750",9
"2000753",24
"2000754",23
"2000755",23
"2000757",21
"2000764",25
"2000765",9
"2000768",23
"2000770",4
"2000776",23
"2000782",10
"2000787",37
"2000788",9
"2000791",9
"2000792",8
"2000797",2
"2000798",23
"2000800",3
"2024-02-07a",27
"2024-09-27a",33
"2024-09-27b",23
"2100004",23
"2100010",24
"2100019",3
"2100020",29
"2100026",2
"2100027",3
"2100030",28
"2100032",3
"2100062",23
"2100064",23
"2100074",9
"2100076",9
"2100078",9
"2100080",26
"2100081",25
"2100084",28
"2100085",3
"2100086",23
"2100090",9
"2100094",9
"2100096",23
"2100097",9
"2100098",9
"2100100",23
"2100104",9
"2100106",24
"2100108",23
"2100111",9
"2100113",3
"2100116",3
"2100119",8
"2100120",9
"2100121",8
"2100123",10
"2100124",29
"2100126",28
"2100127",27
"2100128",30
"2100131",9
"2100132",22
"2100135",35
"2100136",9
"2100138",26
"2100139",23
"2100140",23
"2100141",8
"2100143",9
"2100144",2
"2100145",9
"2100146",9
"2100147",23
"2100148",9
"2100150",24
"2100151",5
"2100152",24
"2100154",25
"2100156",23
"2100157",23
"2100158",23
"2100160",28
"2100202",3
"2100216",23
"2100218",23
"2100221",3
"2100225",25
"2100230",27
"2100231",24
"2100232",23
"2100276",8
"2100279",8
"2100282",9
"2100283",9
"2100285",3
"2100287",21
"2100289",35
"2100291",15
"2100295",23
"2100296",24
"2100302",26
"2100303",29
"2100305",5
"2100309",28
"2100311",24
"2100312",23
"2100315",9
"2100316",28
"2100317",23
"2100319",1
"2100324",23
"2100326",9
"2100332",24
"2100335",28
"2100336",26
"2100338",24
"2100339",23
"2100351",30
"2100352",23
"2100353",28
"2100354",3
"2100355",23
"2100356",23
"2100357",4
"2100360",27
"2100363",9
"2100364",23
"2100365",3
"2100367",31
"2100368",9
"2100369",28
"2100370",9
"2100371",29
"2100373",29
"2100375",23
"2100377",24
"2100378",23
"2100379",9
"2100380",3
"2100382",5
"2100383",35
"2100387",25
"2100390",23
"2100391",24
"2100394",31
"2100395",1
"2100397",23
"2100399",28
"2100401",28
"2100402",23
"2100404",35
"2100405",23
"2100406",30
"2100408",23
"2100412",21
"2100413",11
"2100419",21
"2100420",9
"2100422",23
"2100423",9
"2100424",9
"2100427",26
"2100429",29
"2100430",35
"2100435",9
"2100436",27
"2100446",9
"2100448",28
"2100451",9
"2100455",29
"2100459",24
"2100460",9
"2100463",29
"2100466",9
"2100467",21
"2100478",23
"2100481",3
"2100485",3
"2100486",28
"2100489",1
"2100490",23
"2100491",22
"2100492",9
"2100493",11
"2100494",9
"2100496",15
"2100498",24
"2100499",11
"2100505",27
"2100509",9
"2100511",23
"2100512",10
"2100519",29
"2100521",9
"2100522",9
"2100524",21
"2100526",5
"2100537",8
"2100541",21
"2100544",24
"2100545",8
"2100549",8
"2100553",9
"2100554",23
"2100557",3
"2100562",30
"2100570",8
"2100573",25
"2100576",8
"2100581",9
"2100582",24
"2100585",8
"2100592",8
"2100594",23
"2100597",9
"2100599",24
"2100606",23
"2100609",29
"2100610",3
"2100612",3
"2100615",2
"2100620",24
"2100621",8
"2100623",21
"2100625",8
"2100629",23
"2100631",23
"2100633",24
"2100634",23
"2100635",9
"2100639",23
"2100640",29
"2100642",8
"2100643",8
"2100646",29
"2100650",5
"2100654",23
"2100655",5
"2100656",3
"2100657",23
"2100658",5
"2100670",23
"2100675",23
"2100683",24
"2100684",9
"2100690",31
"2100702",36
"2100705",29
"2100706",24
"2100716",28
"2100718",29
"2100719",28
"2100720",14
"2100721",28
"2100722",3
"2100723",14
"2100724",29
"2100727",28
"2100729",36
"2100730",5
"2100731",9
"2100750",5
"2100760",5
"2100766",23
"2100773",24
"2100776",23
"2100790",23
"2100792",23
"2100796",23
"2100805",25
"2100806",9
"2100808",3
"2100809",3
"2100811",23
"2100812",3
"2100813",3
"2100814",4
"2100815",25
"2100816",3
"2100817",24
"2100819",28
"2100821",24
"2100823",28
"2100826",1
"2100827",28
"2100830",28
"2100832",23
"2100833",28
"2100835",5
"2100836",14
"2100837",29
"2100838",23
"2100839",3
"2100840",29
"2100841",23
"2100842",4
"2100843",9
"2100844",4
"2100846",9
"2100847",3
"2100848",23
"2100849",3
"2100868",8
"2100873",36
"2100876",29
"2100879",28
"2100881",9
"2100884",24
"2100885",24
"2100886",25
"2100907",24
"2100909",23
"2100911",9
"2100912",25
"2100918",25
"2100922",9
"2100930",34
"2100932",10
"2100933",31
"2100936",23
"2100939",28
"2100944",23
"2100946",35
"2100947",3
"2100954",23
"2100957",23
"2100964",24
"2100969",24
"2100972",9
"2100983",9
"2100986",9
"2100987",14
"2100989",28
"2100991",9
"2100992",28
"2100994",23
"2100996",9
"2100997",24
"2101000",28
"2101001",9
"2101002",3
"2101017",23
"2101026",23
"2110001",9
"2110002",9
"2110003",27
"2110004",28
"2110005",23
"2110006",24
"2110007",23
"2110008",8
"2110009",8
"2110010",8
"2110011",8
"2110012",8
"2200011",26
"2200026",23
"2200043",11
"2200053",3
"2200099",28
"2200101",4
"2200104",9
"2200105",11
"2200109",23
"2200112",23
"2200258",32
"2200263",9
"2200266",25
"2200271",9
"2200275",10
"2200282",11
"2200286",25
"2200287",24
"2200289",22
"2200290",9
"2200293",24
"2200294",24
"2200295",9
"2200296",24
"2200299",11
"2200300",12
"2200303",23
"2200304",11
"2200306",3
"2200318",23
"2200328",1
"2200329",24
"2200341",3
"2200342",9
"2200352",9
"2200357",23
"2200358",1
"2200360",24
"2200361",5
"2200363",5
"2200364",13
"2200366",11
"2200368",11
"2200369",11
"2200371",11
"2200372",24
"2200396",24
"2200398",24
"2200406",24
"2200409",9
"2200418",27
"2200419",23
"2200425",23
"2200432",3
"2200433",23
"2200435",26
"2200441",23
"2200442",23
"2200445",28
"2200448",3
"2200449",23
"2200455",23
"2200456",3
"2200457",4
"2200464",9
"2200466",25
"2200467",23
"2200468",23
"2200472",24
"2200473",26
"2200474",4
"2200477",6
"2200478",3
"2200479",23
"2200480",3
"2200481",23
"2200483",8
"2200485",8
"2200486",23
"2200488",23
"2200489",3
"2200490",9
"2200491",23
"2200492",8
"2200494",25
"2200496",26
"2200501",3
"2200503",24
"2200504",10
"2200507",25
"2200515",25
"2200518",3
"2200520",5
"2200523",24
"2200529",4
"2200530",8
"2200531",26
"2200532",11
"2200533",24
"2200534",11
"2200535",13
"2200546",10
"2200550",23
"2200560",22
"2200565",26
"2200577",23
"2200579",8
"2200584",9
"2200591",23
"2200592",23
"2200593",8
"2200598",23
"2200602",4
"2200603",23
"2200604",9
"2200605",6
"2200606",9
"2200607",9
"2200608",23
"2200610",3
"2200611",23
"2200614",10
"2200616",23
"2200622",24
"2200623",24
"2200630",23
"2200638",29
"2200640",25
"2200642",23
"2200645",29
"2200647",3
"2200648",27
"2200654",24
"2200655",10
"2200656",10
"2200658",24
"2200659",8
"2200660",3
"2200665",26
"2200677",23
"2200679",23
"2200681",23
"2200683",11
"2200684",9
"2200685",3
"2200686",3
"2200699",9
"2200700",3
"2200701",23
"2200704",5
"2200710",23
"2200711",8
"2200712",8
"2200717",25
"2200721",8
"2200723",26
"2200730",24
"2200736",26
"2200739",8
"2200745",23
"2200757",9
"2200759",26
"2200762",24
"2200768",9
"2200774",3
"2200776",3
"2200786",23
"2200787",3
"2200797",3
"2200798",35
"2200800",3
"2200806",8
"2200807",23
"2200813",25
"2200814",23
"2200816",24
"2200835",24
"2200836",9
"2200839",29
"2200846",27
"2200856",8
"2200857",8
"2200859",9
"2200863",3
"2200867",8
"2200868",8
"2200874",24
"2200877",27
"2200885",23
"2200889",25
"2200890",8
"2200892",24
"2200900",34
"2200907",24
"2200910",24
"2200911",24
"2200920",28
"2200924",23
"2200932",24
"2200934",23
"2200936",28
"2200967",5
"2200971",27
"2200973",13
"2200974",12
"2200976",3
"2200984",23
"2200987",3
"2200988",5
"2200992",23
"2200995",9
"2201001",24
"2201002",25
"2201005",5
"2201011",9
"2201014",8
"2201016",8
"2201018",26
"2201020",23
"2201022",9
"2201024",24
"2201026",3
"2201028",25
"2201032",9
"2201034",9
"2201036",24
"2201041",24
"2201042",23
"2201044",23
"2201045",36
"2201049",11
"2201050",23
"2201061",21
"2201062",27
"2201071",23
"2201074",23
"2201103",2
"2201115",23
"2201116",26
"2201117",9
"2201130",9
"2201131",23
"2201132",23
"2201134",7
"2201137",26
"2201142",3
"2201143",26
"2201145",9
"2201158",24
"2201159",11
"2201160",22
"2201162",24
"2201164",23
"2201165",9
"2201167",26
"2201180",28
"2201181",24
"2201183",24
"2201184",3
"2201195",24
"2201196",28
"2201200",23
"2201202",23
"2201210",8
"2201213",22
"2201215",25
"2201216",1
"2201218",24
"2201222",10
"2201223",25
"2201228",27
"2201232",23
"2201234",8
"2201237",2
"2201238",23
"2201239",3
"2201240",35
"2201245",23
"2201247",27
"2201249",3
"2201250",23
"2201252",23
"2201253",23
"2201255",25
"2201256",3
"2201257",3
"2201258",26
"2201260",3
"2201262",23
"2201263",24
"2201265",23
"2201267",23
"2201270",1
"2201275",27
"2201278",24
"2201284",23
"2201288",8
"2201292",21
"2201295",25
"2201296",23
"2201298",3
"2201299",26
"2201300",9
"2201303",9
"2201304",23
"2201305",23
"2201308",36
"2201311",3
"2201320",3
"2201325",24
"2201327",24
"2201333",24
"2201335",25
"2201337",24
"2201338",23
"2201340",25
"2201341",24
"2201342",23
"2201343",24
"2201346",9
"2201347",23
"2201350",25
"2201352",24
"2201358",24
"2201360",23
"2201361",3
"2201363",9
"2201367",23
"2201372",23
"2201373",26
"2201376",8
"2201379",25
"2201383",23
"2201386",24
"2201387",4
"2201389",22
"2201390",9
"2201392",3
"2201395",23
"2201397",31
"2201401",23
"2201405",23
"2201406",29
"2201407",23
"2201408",3
"2201410",25
"2201414",31
"2201422",8
"2201425",9
"2201428",23
"2201430",3
"2201432",9
"2201434",23
"2201437",9
"2201438",23
"2201439",26
"2201440",9
"2201454",29
"2201462",23
"2201463",3
"2201467",23
"2201468",23
"2201471",8
"2201472",35
"2201473",24
"2201475",23
"2201476",9
"2201477",9
"2201479",23
"2201480",23
"2201481",3
"2201483",24
"2201484",3
"2201485",9
"2201486",3
"2201489",3
"2201494",3
"2201495",9
"2201496",23
"2201503",35
"2201504",3
"2201505",23
"2201510",25
"2201514",24
"2201515",9
"2201516",25
"2201517",2
"2201520",23
"2201521",23
"2201526",23
"2201533",8
"2201538",8
"2201541",8
"2201542",24
"2201543",23
"2201550",23
"2201552",36
"2201555",9
"2201559",3
"2201564",23
"2201565",23
"2201571",23
"2201572",3
"2201579",23
"2201581",26
"2201587",23
"2201590",23
"2201592",9
"2201598",23
"2201599",9
"2201603",28
"2201604",23
"2201608",24
"2201610",7
"2201611",23
"2201612",25
"2201615",23
"2201622",11
"2201624",25
"2201628",21
"2201635",24
"2201643",25
"2201651",11
"2201652",3
"2201656",25
"2201657",25
"2201659",23
"2201660",25
"2201663",23
"2201664",3
"2201665",9
"2201666",61
"2201667",24
"2201670",9
"2201673",26
"2201674",23
"2201675",23
"2201676",25
"2201681",3
"2201682",5
"2201687",8
"2201692",27
"2201696",25
"2201697",5
"2201698",25
"2201699",5
"2201707",9
"2201711",11
"2201718",23
"2201719",23
"2201721",9
"2201722",23
"2201725",9
"2201728",24
"2201729",24
"2201730",23
"2201735",26
"2201738",14
"2201739",15
"2201742",12
"2201745",25
"2201750",5
"2201753",24
"2201754",24
"2201757",4
"2201761",10
"2201762",23
"2201764",23
"2201767",3
"2201773",23
"2201776",23
"2201785",19
"2201794",8
"2201799",23
"2201805",23
"2201807",9
"2201808",9
"2201813",22
"2201814",8
"2201826",22
"2201828",26
"2201829",3
"2201830",24
"2201835",3
"2201848",24
"2201854",24
"2201855",3
"2201860",8
"2201861",24
"2201863",24
"2201865",23
"2201869",3
"2201879",1
"2201881",23
"2201893",23
"2201895",3
"2201903",9
"2201914",9
"2201915",1
"2201920",3
"2201925",24
"2201940",24
"2201943",25
"2201945",3
"2201949",3
"2201954",9
"2201967",26
"2201968",36
"2201969",12
"2201976",9
"2201983",28
"2201986",26
"2201988",3
"2201990",23
"2201991",23
"2201992",24
"2201995",36
"2201996",32
"2202004",28
"2202005",23
"2202011",24
"2202019",23
"2202021",9
"2202029",23
"2202033",22
"2202035",24
"2202042",9
"2202044",4
"2202051",3
"2202055",25
"2202058",10
"2202061",23
"2202065",27
"2202075",19
"2202077",28
"2202089",23
"2202098",23
"2202104",23
"2202106",2
"2202126",9
"2202127",9
"2202143",24
"2202147",23
"2202216",23
"2202220",3
"220475",10
"220905a",28
"2300001",25
"2300002",9
"2300004",26
"2300005",26
"2300006",13
"2300009",23
"2300011",35
"2300012",25
"2300015",35
"2300020",14
"2300024",36
"2300027",9
"2300037",24
"2300053",25
"2300054",13
"2300055",25
"2300062",24
"2300074",35
"2300082",1
"2300083",5
"2300084",23
"2300099",9
"2300106",3
"2300114",24
"2300115",2
"2300120",23
"2300121",4
"2300125",3
"2300126",3
"2300137",3
"2300141",23
"2300143",23
"2300149",23
"2300153",3
"2300155",24
"2300159",23
"2300225",24
"2300236",3
"2300237",9
"2300238",3
"2300316",6
"2300325",9
"2300334",23
"2300338",24
"2300343",3
"2300349",23
"2300375",8
"2300396",24
"2300400",35
"2300401",3
"2300404",3
"2300414",2
"2300415",3
"2300417",23
"2300422",24
"2300430",9
"2300432",24
"2300444",24
"2300446",23
"2300458",7
"2300461",36
"2300462",7
"2300465",24
"2300473",11
"2300486",23
"2300488",30
"2300492",23
"2300496",23
"2300503",8
"2300504",24
"2300516",24
"2300517",25
"2300542",3
"2300559",25
"2300631",27
"2300685",23
"2300714",3
"230512A",23
"230517a",8
"230517b",8
"230517c",3
